ident,bst,hp,attack,defense,special_attack,special_defense,speed,source_path
wishiwashi,175,45,20,20,25,25,40,site\out\mons\wishiwashi.json
blipbug,180,25,20,20,25,45,45,site\out\mons\blipbug.json
sunkern,180,30,30,30,30,30,30,site\out\mons\sunkern.json
snom,185,30,25,35,45,30,20,site\out\mons\snom.json
azurill,190,50,20,40,20,40,20,site\out\mons\azurill.json
kricketot,194,37,25,41,25,41,25,site\out\mons\kricketot.json
caterpie,195,45,30,35,20,20,45,site\out\mons\caterpie.json
weedle,195,40,35,30,20,20,50,site\out\mons\weedle.json
wurmple,195,45,45,35,20,30,20,site\out\mons\wurmple.json
ralts,198,28,25,25,45,35,40,site\out\mons\ralts.json
cosmog,200,43,29,31,29,31,37,site\out\mons\cosmog.json
feebas,200,20,15,20,10,55,80,site\out\mons\feebas.json
magikarp,200,20,10,55,15,20,80,site\out\mons\magikarp.json
scatterbug,200,38,35,40,27,25,35,site\out\mons\scatterbug.json
cascoon,205,50,35,55,25,25,15,site\out\mons\cascoon.json
kakuna,205,45,25,50,25,25,35,site\out\mons\kakuna.json
metapod,205,50,20,55,25,25,30,site\out\mons\metapod.json
pichu,205,20,40,15,35,35,60,site\out\mons\pichu.json
pichu_alola,205,20,40,15,35,35,60,site\out\mons\pichu_alola.json
silcoon,205,50,35,55,25,25,15,site\out\mons\silcoon.json
bounsweet,210,42,30,38,30,38,32,site\out\mons\bounsweet.json
igglybuff,210,90,30,15,40,20,15,site\out\mons\igglybuff.json
nymble,210,33,46,40,21,25,45,site\out\mons\nymble.json
tarountula,210,35,41,45,29,40,20,site\out\mons\tarountula.json
tyrogue,210,35,35,35,35,35,35,site\out\mons\tyrogue.json
wooper,210,55,45,45,25,25,15,site\out\mons\wooper.json
wooper_paldea,210,55,45,45,25,25,15,site\out\mons\wooper_paldea.json
spewpa,213,45,22,60,27,30,29,site\out\mons\spewpa.json
sentret,215,35,46,34,35,45,20,site\out\mons\sentret.json
cleffa,218,50,25,28,45,55,15,site\out\mons\cleffa.json
happiny,220,100,5,5,15,65,30,site\out\mons\happiny.json
lotad,220,40,30,30,40,50,30,site\out\mons\lotad.json
poochyena,220,35,55,35,30,30,35,site\out\mons\poochyena.json
seedot,220,40,40,50,30,30,30,site\out\mons\seedot.json
burmy,224,40,29,45,29,45,36,site\out\mons\burmy.json
burmy_sandy,224,40,29,45,29,45,36,site\out\mons\burmy_sandy.json
burmy_trash,224,40,29,45,29,45,36,site\out\mons\burmy_trash.json
wimpod,230,25,35,40,20,30,80,site\out\mons\wimpod.json
shedinja,236,1,90,45,30,30,40,site\out\mons\shedinja.json
bunnelby,237,38,36,38,32,36,57,site\out\mons\bunnelby.json
makuhita,237,72,60,30,20,30,25,site\out\mons\makuhita.json
pawmi,240,45,50,20,40,25,60,site\out\mons\pawmi.json
rolycoly,240,30,40,50,40,50,30,site\out\mons\rolycoly.json
whismur,240,64,51,23,51,23,28,site\out\mons\whismur.json
zigzagoon,240,38,30,41,30,41,60,site\out\mons\zigzagoon.json
zigzagoon_galar,240,38,30,41,30,41,60,site\out\mons\zigzagoon_galar.json
toxel,242,40,38,35,54,35,40,site\out\mons\toxel.json
combee,244,30,30,42,30,42,70,site\out\mons\combee.json
nickit,245,40,28,28,47,52,50,site\out\mons\nickit.json
noibat,245,40,30,35,45,40,55,site\out\mons\noibat.json
rookidee,245,38,47,35,33,35,57,site\out\mons\rookidee.json
starly,245,40,55,30,30,30,60,site\out\mons\starly.json
togepi,245,35,20,65,40,65,20,site\out\mons\togepi.json
wiglett,245,10,55,25,35,25,95,site\out\mons\wiglett.json
zubat,245,40,45,35,30,40,55,site\out\mons\zubat.json
bidoof,250,59,45,40,35,40,31,site\out\mons\bidoof.json
fomantis,250,40,55,35,50,35,35,site\out\mons\fomantis.json
gossifleur,250,40,40,60,40,60,10,site\out\mons\gossifleur.json
hoppip,250,35,35,40,35,55,50,site\out\mons\hoppip.json
marill,250,70,20,50,20,50,40,site\out\mons\marill.json
slugma,250,40,40,40,70,40,20,site\out\mons\slugma.json
smeargle,250,55,20,35,20,45,75,site\out\mons\smeargle.json
spinarak,250,40,60,40,40,40,30,site\out\mons\spinarak.json
swinub,250,50,50,40,30,30,50,site\out\mons\swinub.json
pidgey,251,40,45,40,35,35,56,site\out\mons\pidgey.json
rattata,253,30,56,35,25,35,72,site\out\mons\rattata.json
rattata_alola,253,30,56,35,25,35,72,site\out\mons\rattata_alola.json
yungoos,253,48,70,30,30,30,45,site\out\mons\yungoos.json
lechonk,254,54,45,40,35,45,35,site\out\mons\lechonk.json
charcadet,255,40,50,40,50,40,35,site\out\mons\charcadet.json
flittle,255,30,35,30,55,30,75,site\out\mons\flittle.json
patrat,255,45,55,39,35,39,42,site\out\mons\patrat.json
applin,260,40,40,80,40,40,20,site\out\mons\applin.json
skitty,260,50,45,45,35,35,50,site\out\mons\skitty.json
smoliv,260,41,35,45,58,51,30,site\out\mons\smoliv.json
venipede,260,30,45,59,30,39,57,site\out\mons\venipede.json
wynaut,260,95,23,48,23,48,23,site\out\mons\wynaut.json
hoothoot,262,60,30,30,36,56,50,site\out\mons\hoothoot.json
spearow,262,40,60,30,31,31,70,site\out\mons\spearow.json
shinx,263,45,65,34,40,34,45,site\out\mons\shinx.json
pidove,264,50,55,50,36,30,43,site\out\mons\pidove.json
diglett,265,10,55,25,35,45,95,site\out\mons\diglett.json
diglett_alola,265,10,55,30,35,45,90,site\out\mons\diglett_alola.json
hatenna,265,42,30,45,56,53,39,site\out\mons\hatenna.json
impidimp,265,45,45,30,55,40,50,site\out\mons\impidimp.json
ledyba,265,40,20,30,40,80,55,site\out\mons\ledyba.json
pikipek,265,35,75,30,30,30,65,site\out\mons\pikipek.json
nincada,266,31,45,90,30,30,40,site\out\mons\nincada.json
dewpider,269,38,40,52,40,72,27,site\out\mons\dewpider.json
surskit,269,40,30,32,50,52,65,site\out\mons\surskit.json
dreepy,270,28,60,30,40,30,82,site\out\mons\dreepy.json
jigglypuff,270,115,45,20,45,25,20,site\out\mons\jigglypuff.json
milcery,270,45,40,40,50,61,34,site\out\mons\milcery.json
rellor,270,41,50,60,31,58,30,site\out\mons\rellor.json
taillow,270,40,55,30,30,30,85,site\out\mons\taillow.json
wingull,270,40,30,30,55,30,85,site\out\mons\wingull.json
wooloo,270,42,40,55,40,45,48,site\out\mons\wooloo.json
yamper,270,59,45,50,40,50,26,site\out\mons\yamper.json
tadbulb,272,61,31,41,59,35,45,site\out\mons\tadbulb.json
nidoranm,273,46,57,40,40,40,50,site\out\mons\nidoranm.json
bramblin,275,40,65,30,45,35,60,site\out\mons\bramblin.json
cherubi,275,45,35,45,62,53,35,site\out\mons\cherubi.json
lillipup,275,45,60,45,25,45,55,site\out\mons\lillipup.json
litwick,275,50,30,55,65,55,20,site\out\mons\litwick.json
nidoranf,275,55,47,52,40,40,41,site\out\mons\nidoranf.json
skwovet,275,70,55,55,35,35,25,site\out\mons\skwovet.json
tynamo,275,35,55,40,45,40,60,site\out\mons\tynamo.json
fletchling,278,45,50,43,40,38,62,site\out\mons\fletchling.json
kirlia,278,38,35,35,65,55,50,site\out\mons\kirlia.json
arrokuda,280,41,63,40,40,30,66,site\out\mons\arrokuda.json
budew,280,40,30,35,50,70,55,site\out\mons\budew.json
cottonee,280,40,27,60,37,50,66,site\out\mons\cottonee.json
mareep,280,55,40,40,65,45,35,site\out\mons\mareep.json
meditite,280,30,40,55,40,55,60,site\out\mons\meditite.json
nacli,280,55,55,75,35,35,25,site\out\mons\nacli.json
petilil,280,45,35,50,70,50,30,site\out\mons\petilil.json
petilil_hisui,280,45,35,50,70,50,30,site\out\mons\petilil_hisui.json
rockruff,280,45,65,40,30,40,60,site\out\mons\rockruff.json
rockruff_own_tempo,280,45,65,40,30,40,60,site\out\mons\rockruff_own_tempo.json
roggenrola,280,55,75,85,25,25,15,site\out\mons\roggenrola.json
slakoth,280,60,60,60,35,35,30,site\out\mons\slakoth.json
wattrel,280,40,40,35,55,40,70,site\out\mons\wattrel.json
purrloin,281,41,50,37,50,37,66,site\out\mons\purrloin.json
chewtle,284,50,64,50,38,38,44,site\out\mons\chewtle.json
chingling,285,45,30,50,65,50,45,site\out\mons\chingling.json
morelull,285,40,35,55,65,75,15,site\out\mons\morelull.json
paras,285,35,70,55,45,55,25,site\out\mons\paras.json
riolu,285,40,70,40,35,40,60,site\out\mons\riolu.json
barboach,288,50,48,43,46,41,60,site\out\mons\barboach.json
ditto,288,48,48,48,48,48,48,site\out\mons\ditto.json
ekans,288,35,60,44,40,54,55,site\out\mons\ekans.json
inkay,288,53,54,53,37,46,45,site\out\mons\inkay.json
helioptile,289,44,38,33,61,43,70,site\out\mons\helioptile.json
bonsly,290,50,80,95,10,45,10,site\out\mons\bonsly.json
gothita,290,45,30,50,55,65,45,site\out\mons\gothita.json
greavard,290,50,61,60,30,55,34,site\out\mons\greavard.json
meowth,290,40,45,35,40,40,90,site\out\mons\meowth.json
meowth_alola,290,40,35,35,50,40,90,site\out\mons\meowth_alola.json
meowth_galar,290,50,65,55,40,40,40,site\out\mons\meowth_galar.json
pineco,290,50,65,90,35,35,15,site\out\mons\pineco.json
shroodle,290,40,65,35,40,35,75,site\out\mons\shroodle.json
solosis,290,45,30,40,105,50,20,site\out\mons\solosis.json
spheal,290,70,40,50,55,50,25,site\out\mons\spheal.json
steenee,290,52,40,48,40,48,62,site\out\mons\steenee.json
trapinch,290,45,100,45,45,45,10,site\out\mons\trapinch.json
munna,292,76,25,45,67,55,24,site\out\mons\munna.json
sandile,292,50,72,35,35,35,65,site\out\mons\sandile.json
foongus,294,69,55,45,55,55,15,site\out\mons\foongus.json
tympole,294,50,50,40,50,40,64,site\out\mons\tympole.json
blitzle,295,45,60,32,50,32,76,site\out\mons\blitzle.json
duskull,295,20,40,90,30,90,25,site\out\mons\duskull.json
electrike,295,40,45,40,65,40,65,site\out\mons\electrike.json
horsea,295,30,40,70,70,25,60,site\out\mons\horsea.json
shroomish,295,60,40,60,40,60,35,site\out\mons\shroomish.json
shuppet,295,44,75,35,63,33,45,site\out\mons\shuppet.json
tinkatink,297,50,45,45,35,64,58,site\out\mons\tinkatink.json
vulpix,299,38,41,40,50,65,65,site\out\mons\vulpix.json
vulpix_alola,299,38,41,40,50,65,65,site\out\mons\vulpix_alola.json
bagon,300,45,75,60,40,30,50,site\out\mons\bagon.json
baltoy,300,40,40,55,40,70,55,site\out\mons\baltoy.json
beldum,300,40,55,80,35,60,30,site\out\mons\beldum.json
bellsprout,300,50,75,35,70,30,40,site\out\mons\bellsprout.json
bronzor,300,57,24,86,24,86,23,site\out\mons\bronzor.json
croagunk,300,48,61,40,61,40,50,site\out\mons\croagunk.json
deino,300,52,65,50,45,50,38,site\out\mons\deino.json
dratini,300,41,64,45,50,50,50,site\out\mons\dratini.json
geodude,300,40,80,100,30,30,20,site\out\mons\geodude.json
geodude_alola,300,40,80,100,30,30,20,site\out\mons\geodude_alola.json
gible,300,58,70,45,40,45,42,site\out\mons\gible.json
gimmighoul,300,45,30,70,75,70,10,site\out\mons\gimmighoul.json
gimmighoul_roaming,300,45,30,25,75,45,80,site\out\mons\gimmighoul_roaming.json
goomy,300,45,50,35,55,75,40,site\out\mons\goomy.json
goomy_hisui,300,45,50,35,55,75,40,site\out\mons\goomy_hisui.json
grubbin,300,47,62,45,55,45,46,site\out\mons\grubbin.json
jangmoo,300,45,55,65,45,45,45,site\out\mons\jangmoo.json
klink,300,40,55,70,45,60,30,site\out\mons\klink.json
larvitar,300,50,64,50,45,50,41,site\out\mons\larvitar.json
meltan,300,46,65,65,55,35,34,site\out\mons\meltan.json
minccino,300,55,50,40,40,40,75,site\out\mons\minccino.json
poliwag,300,40,50,40,40,40,90,site\out\mons\poliwag.json
remoraid,300,35,65,35,65,35,65,site\out\mons\remoraid.json
sandshrew,300,50,75,85,20,30,40,site\out\mons\sandshrew.json
sandshrew_alola,300,50,75,90,10,35,40,site\out\mons\sandshrew_alola.json
snorunt,300,50,50,50,50,50,50,site\out\mons\snorunt.json
snubbull,300,60,80,50,40,40,30,site\out\mons\snubbull.json
varoom,300,45,70,63,30,45,47,site\out\mons\varoom.json
gulpin,302,70,43,53,43,53,40,site\out\mons\gulpin.json
flabebe,303,44,38,39,61,79,42,site\out\mons\flabebe.json
flabebe_blue,303,44,38,39,61,79,42,site\out\mons\flabebe_blue.json
flabebe_orange,303,44,38,39,61,79,42,site\out\mons\flabebe_orange.json
flabebe_white,303,44,38,39,61,79,42,site\out\mons\flabebe_white.json
flabebe_yellow,303,44,38,39,61,79,42,site\out\mons\flabebe_yellow.json
golett,303,59,74,50,35,50,35,site\out\mons\golett.json
yamask,303,38,30,85,55,65,30,site\out\mons\yamask.json
yamask_galar,303,38,55,85,30,65,30,site\out\mons\yamask_galar.json
bergmite,304,55,69,85,32,35,28,site\out\mons\bergmite.json
bergmite_hisui,304,55,69,85,32,35,28,site\out\mons\bergmite_hisui.json
cutiefly,304,40,45,40,55,40,84,site\out\mons\cutiefly.json
carvanha,305,45,90,20,65,20,65,site\out\mons\carvanha.json
cubchoo,305,55,70,40,60,40,40,site\out\mons\cubchoo.json
ducklett,305,62,44,50,44,50,55,site\out\mons\ducklett.json
ferroseed,305,44,50,91,24,86,10,site\out\mons\ferroseed.json
machop,305,70,80,50,35,35,35,site\out\mons\machop.json
mankey,305,40,80,35,35,45,70,site\out\mons\mankey.json
mareanie,305,50,53,62,43,52,45,site\out\mons\mareanie.json
numel,305,60,60,40,65,45,35,site\out\mons\numel.json
shellder,305,30,65,100,45,25,40,site\out\mons\shellder.json
shelmet,305,50,40,85,40,65,25,site\out\mons\shelmet.json
sizzlipede,305,50,65,45,50,50,45,site\out\mons\sizzlipede.json
smoochum,305,45,30,15,85,65,65,site\out\mons\smoochum.json
tandemaus,305,50,50,45,40,45,75,site\out\mons\tandemaus.json
timburr,305,75,80,55,25,35,35,site\out\mons\timburr.json
vanillite,305,36,50,50,65,60,44,site\out\mons\vanillite.json
venonat,305,60,55,50,40,55,45,site\out\mons\venonat.json
binacle,306,42,52,67,39,56,50,site\out\mons\binacle.json
capsakid,306,52,62,40,62,40,50,site\out\mons\capsakid.json
fennekin,307,40,45,40,62,60,60,site\out\mons\fennekin.json
corphish,308,43,80,65,50,35,35,site\out\mons\corphish.json
oshawott,308,55,55,45,63,45,45,site\out\mons\oshawott.json
oshawott_hisui,308,55,55,45,63,45,45,site\out\mons\oshawott_hisui.json
poltchageist,308,40,45,45,74,54,50,site\out\mons\poltchageist.json
poltchageist_artisan,308,40,45,45,74,54,50,site\out\mons\poltchageist_artisan.json
sinistea,308,40,45,45,74,54,50,site\out\mons\sinistea.json
sinistea_antique,308,40,45,45,74,54,50,site\out\mons\sinistea_antique.json
snivy,308,45,45,55,45,55,63,site\out\mons\snivy.json
tepig,308,65,63,45,45,45,45,site\out\mons\tepig.json
charmander,309,39,52,43,60,50,65,site\out\mons\charmander.json
chimchar,309,44,58,44,58,44,61,site\out\mons\chimchar.json
cyndaquil,309,39,52,43,60,50,65,site\out\mons\cyndaquil.json
cyndaquil_hisui,309,39,52,43,60,50,65,site\out\mons\cyndaquil_hisui.json
phantump,309,43,70,48,50,60,38,site\out\mons\phantump.json
abra,310,25,20,15,105,55,90,site\out\mons\abra.json
clobbopus,310,50,68,60,50,50,32,site\out\mons\clobbopus.json
doduo,310,35,85,45,35,35,75,site\out\mons\doduo.json
fuecoco,310,67,45,59,63,40,36,site\out\mons\fuecoco.json
gastly,310,30,35,30,100,35,80,site\out\mons\gastly.json
glameow,310,49,55,42,42,37,85,site\out\mons\glameow.json
grookey,310,50,65,50,40,40,65,site\out\mons\grookey.json
mimejr,310,20,25,45,70,90,60,site\out\mons\mimejr.json
mimejr_galar,310,20,25,45,70,90,60,site\out\mons\mimejr_galar.json
mudkip,310,50,70,50,50,50,40,site\out\mons\mudkip.json
quaxly,310,55,65,45,50,45,50,site\out\mons\quaxly.json
scorbunny,310,50,71,40,40,40,69,site\out\mons\scorbunny.json
sewaddle,310,45,53,70,40,60,42,site\out\mons\sewaddle.json
sobble,310,50,40,40,70,40,70,site\out\mons\sobble.json
sprigatito,310,40,61,54,45,45,65,site\out\mons\sprigatito.json
swablu,310,45,40,60,40,75,50,site\out\mons\swablu.json
torchic,310,45,60,40,70,50,45,site\out\mons\torchic.json
treecko,310,40,45,35,65,55,70,site\out\mons\treecko.json
fidough,312,37,55,70,30,55,65,site\out\mons\fidough.json
chespin,313,56,61,65,48,45,38,site\out\mons\chespin.json
froakie,314,41,56,40,62,44,71,site\out\mons\froakie.json
piplup,314,53,51,53,61,56,40,site\out\mons\piplup.json
squirtle,314,44,48,65,50,64,43,site\out\mons\squirtle.json
totodile,314,50,65,64,44,48,43,site\out\mons\totodile.json
darumaka,315,70,90,45,15,45,50,site\out\mons\darumaka.json
darumaka_galar,315,70,90,45,15,45,50,site\out\mons\darumaka_galar.json
finizen,315,70,45,40,45,40,75,site\out\mons\finizen.json
karrablast,315,50,75,45,40,45,60,site\out\mons\karrablast.json
silicobra,315,52,57,75,35,50,46,site\out\mons\silicobra.json
slowpoke,315,90,65,65,40,40,15,site\out\mons\slowpoke.json
slowpoke_galar,315,90,65,65,40,40,15,site\out\mons\slowpoke_galar.json
panpour,316,50,53,48,53,48,64,site\out\mons\panpour.json
pansage,316,50,53,48,53,48,64,site\out\mons\pansage.json
pansear,316,50,53,48,53,48,64,site\out\mons\pansear.json
bulbasaur,318,45,49,49,65,65,45,site\out\mons\bulbasaur.json
chikorita,318,45,49,65,49,65,45,site\out\mons\chikorita.json
turtwig,318,55,68,64,45,55,31,site\out\mons\turtwig.json
joltik,319,50,47,50,57,50,65,site\out\mons\joltik.json
axew,320,46,87,60,30,40,57,site\out\mons\axew.json
cubone,320,50,50,95,40,50,35,site\out\mons\cubone.json
cubone_alola,320,50,50,95,40,50,35,site\out\mons\cubone_alola.json
frigibax,320,65,75,45,35,45,55,site\out\mons\frigibax.json
goldeen,320,45,67,60,35,50,63,site\out\mons\goldeen.json
litten,320,45,65,40,60,40,70,site\out\mons\litten.json
natu,320,40,50,45,70,45,70,site\out\mons\natu.json
oddish,320,45,50,55,75,65,30,site\out\mons\oddish.json
pikachu,320,35,55,40,50,50,90,site\out\mons\pikachu.json
pikachu_alola,320,35,55,40,50,50,90,site\out\mons\pikachu_alola.json
popplio,320,50,54,54,66,56,40,site\out\mons\popplio.json
psyduck,320,50,52,48,65,50,55,site\out\mons\psyduck.json
rowlet,320,68,55,55,50,50,42,site\out\mons\rowlet.json
rowlet_hisui,320,68,55,55,50,50,42,site\out\mons\rowlet_hisui.json
salandit,320,48,44,40,71,40,77,site\out\mons\salandit.json
sandygast,320,55,55,80,70,45,15,site\out\mons\sandygast.json
skrelp,320,50,60,60,60,60,30,site\out\mons\skrelp.json
clefairy,323,70,45,48,60,65,35,site\out\mons\clefairy.json
woobat,323,65,45,43,55,43,72,site\out\mons\woobat.json
dwebble,325,50,65,85,35,35,55,site\out\mons\dwebble.json
eevee,325,55,55,50,45,65,55,site\out\mons\eevee.json
exeggcute,325,60,40,80,60,45,40,site\out\mons\exeggcute.json
exeggcute_alola,325,60,40,80,60,45,40,site\out\mons\exeggcute_alola.json
grimer,325,80,80,50,40,50,25,site\out\mons\grimer.json
grimer_alola,325,80,80,50,40,50,25,site\out\mons\grimer_alola.json
honedge,325,45,80,100,35,37,28,site\out\mons\honedge.json
krabby,325,30,105,90,25,25,50,site\out\mons\krabby.json
magnemite,325,25,35,70,95,55,45,site\out\mons\magnemite.json
seel,325,65,45,55,45,70,45,site\out\mons\seel.json
shellos,325,76,48,48,57,62,34,site\out\mons\shellos.json
shellos_east,325,76,48,48,57,62,34,site\out\mons\shellos_east.json
drilbur,328,60,85,40,30,45,68,site\out\mons\drilbur.json
drowzee,328,60,48,45,43,90,42,site\out\mons\drowzee.json
stunky,329,63,63,47,41,41,74,site\out\mons\stunky.json
trubbish,329,50,50,62,40,62,65,site\out\mons\trubbish.json
aron,330,50,70,100,40,40,30,site\out\mons\aron.json
buizel,330,55,65,35,60,30,85,site\out\mons\buizel.json
chinchou,330,75,38,38,56,56,67,site\out\mons\chinchou.json
clauncher,330,50,53,62,58,63,44,site\out\mons\clauncher.json
cufant,330,72,80,49,40,49,40,site\out\mons\cufant.json
delibird,330,45,55,45,65,45,75,site\out\mons\delibird.json
finneon,330,49,49,56,49,61,66,site\out\mons\finneon.json
hippopotas,330,68,72,78,38,42,32,site\out\mons\hippopotas.json
houndour,330,45,60,30,80,50,65,site\out\mons\houndour.json
luvdisc,330,43,30,55,40,65,97,site\out\mons\luvdisc.json
phanpy,330,90,60,60,40,40,40,site\out\mons\phanpy.json
skorupi,330,40,50,90,30,55,65,site\out\mons\skorupi.json
spoink,330,60,25,35,70,80,60,site\out\mons\spoink.json
teddiursa,330,60,80,50,50,50,40,site\out\mons\teddiursa.json
voltorb,330,40,30,50,55,55,100,site\out\mons\voltorb.json
voltorb_hisui,330,40,30,50,55,55,100,site\out\mons\voltorb_hisui.json
zorua,330,40,65,40,80,40,65,site\out\mons\zorua.json
zorua_hisui,330,35,60,40,85,40,70,site\out\mons\zorua_hisui.json
cetoddle,334,108,68,45,30,40,43,site\out\mons\cetoddle.json
snover,334,60,62,50,62,60,40,site\out\mons\snover.json
cacnea,335,50,85,40,85,40,35,site\out\mons\cacnea.json
deerling,335,60,60,50,40,50,75,site\out\mons\deerling.json
deerling_autumn,335,60,60,50,40,50,75,site\out\mons\deerling_autumn.json
deerling_summer,335,60,60,50,40,50,75,site\out\mons\deerling_summer.json
deerling_winter,335,60,60,50,40,50,75,site\out\mons\deerling_winter.json
dottler,335,50,35,80,50,90,30,site\out\mons\dottler.json
elgyem,335,55,55,55,85,55,30,site\out\mons\elgyem.json
frillish,335,55,40,50,65,85,40,site\out\mons\frillish.json
pumpkaboo,335,49,66,70,44,55,51,site\out\mons\pumpkaboo.json
pumpkaboo_large,335,54,66,70,44,55,46,site\out\mons\pumpkaboo_large.json
pumpkaboo_small,335,44,66,70,44,55,56,site\out\mons\pumpkaboo_small.json
pumpkaboo_super,335,59,66,70,44,55,41,site\out\mons\pumpkaboo_super.json
tentacool,335,40,40,35,50,100,70,site\out\mons\tentacool.json
toedscool,335,40,40,35,50,100,70,site\out\mons\toedscool.json
unown,336,48,72,48,72,48,48,site\out\mons\unown.json
unown_,336,48,72,48,72,48,48,site\out\mons\unown_.json
unown_b,336,48,72,48,72,48,48,site\out\mons\unown_b.json
unown_c,336,48,72,48,72,48,48,site\out\mons\unown_c.json
unown_d,336,48,72,48,72,48,48,site\out\mons\unown_d.json
unown_e,336,48,72,48,72,48,48,site\out\mons\unown_e.json
unown_f,336,48,72,48,72,48,48,site\out\mons\unown_f.json
unown_g,336,48,72,48,72,48,48,site\out\mons\unown_g.json
unown_h,336,48,72,48,72,48,48,site\out\mons\unown_h.json
unown_i,336,48,72,48,72,48,48,site\out\mons\unown_i.json
unown_j,336,48,72,48,72,48,48,site\out\mons\unown_j.json
unown_k,336,48,72,48,72,48,48,site\out\mons\unown_k.json
unown_l,336,48,72,48,72,48,48,site\out\mons\unown_l.json
unown_m,336,48,72,48,72,48,48,site\out\mons\unown_m.json
unown_n,336,48,72,48,72,48,48,site\out\mons\unown_n.json
unown_o,336,48,72,48,72,48,48,site\out\mons\unown_o.json
unown_p,336,48,72,48,72,48,48,site\out\mons\unown_p.json
unown_q,336,48,72,48,72,48,48,site\out\mons\unown_q.json
unown_r,336,48,72,48,72,48,48,site\out\mons\unown_r.json
unown_s,336,48,72,48,72,48,48,site\out\mons\unown_s.json
unown_t,336,48,72,48,72,48,48,site\out\mons\unown_t.json
unown_u,336,48,72,48,72,48,48,site\out\mons\unown_u.json
unown_v,336,48,72,48,72,48,48,site\out\mons\unown_v.json
unown_w,336,48,72,48,72,48,48,site\out\mons\unown_w.json
unown_x,336,48,72,48,72,48,48,site\out\mons\unown_x.json
unown_y,336,48,72,48,72,48,48,site\out\mons\unown_y.json
unown_z,336,48,72,48,72,48,48,site\out\mons\unown_z.json
crabrawler,338,47,82,57,42,47,63,site\out\mons\crabrawler.json
koffing,340,40,65,95,60,45,35,site\out\mons\koffing.json
koffing_galar,340,40,65,95,60,45,35,site\out\mons\koffing_galar.json
lombre,340,60,50,50,60,70,50,site\out\mons\lombre.json
maschiff,340,60,78,60,40,51,51,site\out\mons\maschiff.json
nuzleaf,340,70,70,40,60,40,60,site\out\mons\nuzleaf.json
pawniard,340,45,85,70,40,40,60,site\out\mons\pawniard.json
pawniard_override,340,45,85,70,40,40,60,site\out\mons\pawniard_override.json
skiploom,340,55,45,50,45,65,80,site\out\mons\skiploom.json
staravia,340,55,75,50,40,40,80,site\out\mons\staravia.json
staryu,340,30,45,55,70,55,85,site\out\mons\staryu.json
stufful,340,70,75,50,45,50,50,site\out\mons\stufful.json
vibrava,340,50,70,50,50,50,70,site\out\mons\vibrava.json
spritzee,341,78,52,60,63,65,23,site\out\mons\spritzee.json
swirlix,341,62,48,66,59,57,49,site\out\mons\swirlix.json
clamperl,345,35,64,85,74,55,32,site\out\mons\clamperl.json
mantyke,345,45,20,50,60,120,50,site\out\mons\mantyke.json
rhyhorn,345,80,85,95,30,30,25,site\out\mons\rhyhorn.json
drifloon,348,90,50,34,60,44,70,site\out\mons\drifloon.json
pancham,348,67,82,62,46,48,43,site\out\mons\pancham.json
scraggy,348,50,75,70,35,70,48,site\out\mons\scraggy.json
pidgeotto,349,63,60,55,50,50,71,site\out\mons\pidgeotto.json
buneary,350,55,66,44,44,56,85,site\out\mons\buneary.json
cranidos,350,67,125,40,30,30,58,site\out\mons\cranidos.json
glimmet,350,48,35,42,105,60,60,site\out\mons\glimmet.json
growlithe,350,55,70,45,70,50,60,site\out\mons\growlithe.json
growlithe_hisui,350,60,75,45,65,50,55,site\out\mons\growlithe_hisui.json
mienfoo,350,45,85,50,55,50,65,site\out\mons\mienfoo.json
pawmo,350,60,75,40,50,40,85,site\out\mons\pawmo.json
rufflet,350,70,83,50,37,50,60,site\out\mons\rufflet.json
rufflet_hisui,350,70,83,50,37,50,60,site\out\mons\rufflet_hisui.json
shieldon,350,30,42,118,42,88,30,site\out\mons\shieldon.json
skiddo,350,66,65,48,62,57,52,site\out\mons\skiddo.json
krokorok,351,60,82,45,45,45,74,site\out\mons\krokorok.json
dolliv,354,52,53,60,78,78,33,site\out\mons\dolliv.json
anorith,355,45,95,50,40,50,75,site\out\mons\anorith.json
espurr,355,62,48,54,63,60,68,site\out\mons\espurr.json
kabuto,355,30,80,90,55,45,55,site\out\mons\kabuto.json
lileep,355,66,41,77,61,87,23,site\out\mons\lileep.json
naclstack,355,60,60,100,35,65,35,site\out\mons\naclstack.json
omanyte,355,35,40,100,90,55,35,site\out\mons\omanyte.json
tirtouga,355,54,78,103,53,45,22,site\out\mons\tirtouga.json
trumbeak,355,55,85,50,40,50,75,site\out\mons\trumbeak.json
tranquill,358,62,77,62,50,42,65,site\out\mons\tranquill.json
aipom,360,55,70,55,40,55,85,site\out\mons\aipom.json
elekid,360,45,63,37,65,55,95,site\out\mons\elekid.json
larvesta,360,55,85,55,50,55,60,site\out\mons\larvesta.json
loudred,360,84,71,43,71,43,48,site\out\mons\loudred.json
spinda,360,60,60,60,60,60,60,site\out\mons\spinda.json
whirlipede,360,40,55,99,40,79,47,site\out\mons\whirlipede.json
amaura,362,77,59,50,67,63,46,site\out\mons\amaura.json
tyrunt,362,58,89,77,45,45,48,site\out\mons\tyrunt.json
luxio,363,60,85,49,60,49,60,site\out\mons\luxio.json
corvisquire,365,68,67,55,43,55,77,site\out\mons\corvisquire.json
flaaffy,365,70,55,55,80,60,45,site\out\mons\flaaffy.json
magby,365,45,75,37,70,55,83,site\out\mons\magby.json
nidorina,365,70,62,67,55,55,56,site\out\mons\nidorina.json
nidorino,365,61,72,57,55,55,65,site\out\mons\nidorino.json
litleo,369,62,50,58,73,54,72,site\out\mons\litleo.json
duosion,370,65,40,50,125,60,30,site\out\mons\duosion.json
hattrem,370,57,40,65,86,73,49,site\out\mons\hattrem.json
herdier,370,65,80,65,35,65,60,site\out\mons\herdier.json
lampent,370,60,40,60,95,60,55,site\out\mons\lampent.json
morgrem,370,65,60,45,75,55,70,site\out\mons\morgrem.json
vullaby,370,70,55,75,45,65,60,site\out\mons\vullaby.json
floette,371,54,45,47,75,98,52,site\out\mons\floette.json
floette_blue,371,54,45,47,75,98,52,site\out\mons\floette_blue.json
floette_orange,371,54,45,47,75,98,52,site\out\mons\floette_orange.json
floette_white,371,54,45,47,75,98,52,site\out\mons\floette_white.json
floette_yellow,371,54,45,47,75,98,52,site\out\mons\floette_yellow.json
nosepass,375,30,45,135,45,90,30,site\out\mons\nosepass.json
farfetchd,377,52,90,55,58,62,60,site\out\mons\farfetchd.json
farfetchd_galar,377,52,95,55,58,62,55,site\out\mons\farfetchd_galar.json
mawile,380,50,85,85,55,55,50,site\out\mons\mawile.json
sableye,380,50,75,75,65,65,50,site\out\mons\sableye.json
swadloon,380,55,63,90,50,80,42,site\out\mons\swadloon.json
tinkatuff,380,65,55,55,45,82,78,site\out\mons\tinkatuff.json
fletchinder,382,62,73,55,56,52,84,site\out\mons\fletchinder.json
kricketune,384,77,85,51,55,51,65,site\out\mons\kricketune.json
palpitoad,384,75,65,55,65,55,69,site\out\mons\palpitoad.json
dustox,385,60,50,70,50,90,65,site\out\mons\dustox.json
kubfu,385,60,90,60,53,50,72,site\out\mons\kubfu.json
lickitung,385,90,55,75,60,75,30,site\out\mons\lickitung.json
mudbray,385,70,100,70,45,55,45,site\out\mons\mudbray.json
onix,385,35,45,160,30,45,70,site\out\mons\onix.json
poliwhirl,385,65,65,65,50,50,90,site\out\mons\poliwhirl.json
boldore,390,70,105,105,50,40,20,site\out\mons\boldore.json
gothorita,390,60,45,70,75,85,55,site\out\mons\gothorita.json
graveler,390,55,95,115,45,45,35,site\out\mons\graveler.json
graveler_alola,390,55,95,115,45,45,35,site\out\mons\graveler_alola.json
ledian,390,55,35,50,55,110,85,site\out\mons\ledian.json
munchlax,390,135,85,40,40,85,5,site\out\mons\munchlax.json
weepinbell,390,65,90,50,85,45,55,site\out\mons\weepinbell.json
yanma,390,65,65,45,75,45,95,site\out\mons\yanma.json
beautifly,395,60,70,50,100,50,65,site\out\mons\beautifly.json
beedrill,395,65,90,40,45,80,75,site\out\mons\beedrill.json
butterfree,395,60,45,50,90,80,70,site\out\mons\butterfree.json
gloom,395,60,65,70,85,75,40,site\out\mons\gloom.json
porygon,395,65,60,70,85,75,40,site\out\mons\porygon.json
vanillish,395,51,65,65,80,75,59,site\out\mons\vanillish.json
ariados,400,70,90,70,60,70,40,site\out\mons\ariados.json
charjabug,400,57,82,95,55,75,36,site\out\mons\charjabug.json
cosmoem,400,43,29,131,29,131,37,site\out\mons\cosmoem.json
delcatty,400,70,65,65,55,55,90,site\out\mons\delcatty.json
kadabra,400,40,35,30,120,70,105,site\out\mons\kadabra.json
roselia,400,50,60,45,100,80,65,site\out\mons\roselia.json
wailmer,400,130,70,35,70,35,60,site\out\mons\wailmer.json
archen,401,55,112,45,74,45,70,site\out\mons\archen.json
spidops,404,60,79,92,52,86,35,site\out\mons\spidops.json
bayleef,405,60,62,80,63,80,60,site\out\mons\bayleef.json
charmeleon,405,58,64,58,80,65,80,site\out\mons\charmeleon.json
combusken,405,60,85,60,85,60,55,site\out\mons\combusken.json
croconaw,405,65,80,80,59,63,58,site\out\mons\croconaw.json
eelektrik,405,65,85,70,75,70,40,site\out\mons\eelektrik.json
frogadier,405,54,63,52,83,56,97,site\out\mons\frogadier.json
grotle,405,75,89,85,55,65,36,site\out\mons\grotle.json
grovyle,405,50,65,45,85,65,95,site\out\mons\grovyle.json
gurdurr,405,85,105,85,40,50,40,site\out\mons\gurdurr.json
haunter,405,45,50,45,115,55,95,site\out\mons\haunter.json
ivysaur,405,60,62,63,80,80,60,site\out\mons\ivysaur.json
machoke,405,80,100,70,50,60,45,site\out\mons\machoke.json
marshtomp,405,70,85,70,60,70,50,site\out\mons\marshtomp.json
minun,405,60,40,50,75,85,95,site\out\mons\minun.json
monferno,405,64,78,52,78,52,81,site\out\mons\monferno.json
murkrow,405,60,85,42,85,42,91,site\out\mons\murkrow.json
pachirisu,405,60,45,70,45,90,95,site\out\mons\pachirisu.json
parasect,405,60,95,80,60,80,30,site\out\mons\parasect.json
plusle,405,60,50,40,85,75,95,site\out\mons\plusle.json
prinplup,405,64,66,68,81,76,50,site\out\mons\prinplup.json
quilava,405,58,64,58,80,65,80,site\out\mons\quilava.json
quilava_hisui,405,58,64,58,80,65,80,site\out\mons\quilava_hisui.json
quilladin,405,61,78,95,56,58,57,site\out\mons\quilladin.json
shiinotic,405,60,45,80,90,100,30,site\out\mons\shiinotic.json
togetic,405,55,40,85,80,105,40,site\out\mons\togetic.json
wartortle,405,59,63,80,65,80,58,site\out\mons\wartortle.json
wobbuffet,405,190,33,58,33,58,33,site\out\mons\wobbuffet.json
braixen,409,59,59,58,90,70,73,site\out\mons\braixen.json
bibarel,410,79,85,60,55,60,71,site\out\mons\bibarel.json
carkol,410,80,60,90,60,70,50,site\out\mons\carkol.json
corsola,410,65,55,95,65,95,35,site\out\mons\corsola.json
corsola_galar,410,60,55,100,65,100,30,site\out\mons\corsola_galar.json
drakloak,410,68,80,50,60,50,102,site\out\mons\drakloak.json
floragato,410,61,80,63,60,63,83,site\out\mons\floragato.json
fraxure,410,66,117,70,40,50,67,site\out\mons\fraxure.json
gabite,410,68,90,65,50,55,82,site\out\mons\gabite.json
medicham,410,60,60,75,60,75,80,site\out\mons\medicham.json
ponyta,410,50,85,55,65,65,90,site\out\mons\ponyta.json
ponyta_galar,410,50,85,55,65,65,90,site\out\mons\ponyta_galar.json
pupitar,410,70,84,70,65,70,51,site\out\mons\pupitar.json
pyukumuku,410,55,60,130,30,130,5,site\out\mons\pyukumuku.json
quaxwell,410,70,85,65,65,60,65,site\out\mons\quaxwell.json
sealeo,410,90,60,70,75,70,45,site\out\mons\sealeo.json
sudowoodo,410,70,100,115,30,65,30,site\out\mons\sudowoodo.json
chatot,411,76,65,45,92,42,91,site\out\mons\chatot.json
crocalor,411,81,55,78,90,58,49,site\out\mons\crocalor.json
vivillon,411,80,52,50,90,50,89,site\out\mons\vivillon.json
vivillon_pokeball,411,80,52,50,90,50,89,site\out\mons\vivillon_pokeball.json
dewott,413,75,75,60,83,60,60,site\out\mons\dewott.json
dewott_hisui,413,75,75,60,83,60,60,site\out\mons\dewott_hisui.json
raticate,413,55,81,60,50,70,97,site\out\mons\raticate.json
raticate_alola,413,75,71,70,40,80,77,site\out\mons\raticate_alola.json
servine,413,60,60,75,60,75,83,site\out\mons\servine.json
dunsparce,415,100,70,70,65,65,45,site\out\mons\dunsparce.json
furret,415,85,76,64,45,55,90,site\out\mons\furret.json
squawkabilly,417,82,96,51,45,51,92,site\out\mons\squawkabilly.json
squawkabilly_blue,417,82,96,51,45,51,92,site\out\mons\squawkabilly_blue.json
squawkabilly_white,417,82,96,51,45,51,92,site\out\mons\squawkabilly_white.json
squawkabilly_yellow,417,82,96,51,45,51,92,site\out\mons\squawkabilly_yellow.json
gumshoos,418,88,110,60,55,60,45,site\out\mons\gumshoos.json
pignite,418,90,93,55,70,55,55,site\out\mons\pignite.json
azumarill,420,100,50,80,60,80,50,site\out\mons\azumarill.json
brionne,420,60,69,69,91,81,50,site\out\mons\brionne.json
castform,420,70,70,70,70,70,70,site\out\mons\castform.json
castform_rainy,420,70,70,70,70,70,70,site\out\mons\castform_rainy.json
castform_snowy,420,70,70,70,70,70,70,site\out\mons\castform_snowy.json
castform_sunny,420,70,70,70,70,70,70,site\out\mons\castform_sunny.json
dartrix,420,78,75,75,70,70,52,site\out\mons\dartrix.json
dartrix_hisui,420,78,75,75,70,70,52,site\out\mons\dartrix_hisui.json
dragonair,420,61,84,65,70,70,70,site\out\mons\dragonair.json
drizzile,420,65,60,55,95,55,90,site\out\mons\drizzile.json
hakamoo,420,55,75,90,65,70,65,site\out\mons\hakamoo.json
linoone,420,78,70,61,50,61,100,site\out\mons\linoone.json
linoone_galar,420,78,70,61,50,61,100,site\out\mons\linoone_galar.json
metang,420,60,75,100,55,80,50,site\out\mons\metang.json
mightyena,420,70,90,70,60,60,70,site\out\mons\mightyena.json
poipole,420,67,73,67,73,67,73,site\out\mons\poipole.json
raboot,420,65,86,60,55,60,94,site\out\mons\raboot.json
shelgon,420,65,95,100,60,50,50,site\out\mons\shelgon.json
thwackey,420,70,85,70,55,60,80,site\out\mons\thwackey.json
torracat,420,65,85,50,80,50,90,site\out\mons\torracat.json
watchog,420,60,85,69,60,69,77,site\out\mons\watchog.json
zweilous,420,72,85,70,65,70,58,site\out\mons\zweilous.json
arctibax,423,90,95,66,45,65,62,site\out\mons\arctibax.json
diggersby,423,85,56,77,50,77,78,site\out\mons\diggersby.json
mothim,424,70,94,50,94,50,66,site\out\mons\mothim.json
wormadam,424,60,59,85,79,105,36,site\out\mons\wormadam.json
wormadam_sandy,424,60,79,105,59,85,36,site\out\mons\wormadam_sandy.json
wormadam_trash,424,60,69,95,69,95,36,site\out\mons\wormadam_trash.json
dugtrio,425,35,100,50,50,70,120,site\out\mons\dugtrio.json
dugtrio_alola,425,35,100,60,50,70,110,site\out\mons\dugtrio_alola.json
marowak,425,60,80,110,50,80,45,site\out\mons\marowak.json
marowak_alola,425,60,80,110,50,80,45,site\out\mons\marowak_alola.json
sunflora,425,75,75,55,105,85,30,site\out\mons\sunflora.json
swoobat,425,67,57,55,77,55,114,site\out\mons\swoobat.json
wugtrio,425,35,100,50,50,70,120,site\out\mons\wugtrio.json
emolga,428,55,75,60,75,60,103,site\out\mons\emolga.json
clodsire,430,130,75,60,45,100,20,site\out\mons\clodsire.json
gligar,430,65,75,105,35,65,85,site\out\mons\gligar.json
illumise,430,65,47,75,73,85,85,site\out\mons\illumise.json
lairon,430,60,90,140,50,50,40,site\out\mons\lairon.json
magcargo,430,60,50,120,90,80,30,site\out\mons\magcargo.json
quagsire,430,95,85,85,65,65,35,site\out\mons\quagsire.json
sneasel,430,55,95,55,35,75,115,site\out\mons\sneasel.json
sneasel_hisui,430,55,95,55,35,75,115,site\out\mons\sneasel_hisui.json
volbeat,430,65,73,75,47,85,85,site\out\mons\volbeat.json
dedenne,431,67,58,57,81,67,101,site\out\mons\dedenne.json
misdreavus,435,60,60,60,85,85,85,site\out\mons\misdreavus.json
pincurchin,435,48,101,95,91,85,15,site\out\mons\pincurchin.json
tangela,435,65,55,115,100,40,60,site\out\mons\tangela.json
togedemaru,435,65,98,63,40,73,96,site\out\mons\togedemaru.json
wigglytuff,435,140,70,45,85,50,45,site\out\mons\wigglytuff.json
morpeko,436,58,95,58,70,58,97,site\out\mons\morpeko.json
morpeko_hangry,436,58,95,58,70,58,97,site\out\mons\morpeko_hangry.json
kecleon,440,60,90,70,60,120,40,site\out\mons\kecleon.json
klang,440,60,80,95,70,85,50,site\out\mons\klang.json
minior_meteor,440,60,60,100,60,100,60,site\out\mons\minior_meteor.json
pelipper,440,60,50,100,95,70,65,site\out\mons\pelipper.json
perrserker,440,70,110,100,50,60,50,site\out\mons\perrserker.json
persian,440,65,70,60,65,65,115,site\out\mons\persian.json
persian_alola,440,65,60,60,75,65,115,site\out\mons\persian_alola.json
qwilfish,440,65,95,85,55,55,85,site\out\mons\qwilfish.json
qwilfish_hisui,440,65,95,85,55,55,85,site\out\mons\qwilfish_hisui.json
rotom,440,50,50,77,95,77,91,site\out\mons\rotom.json
seadra,440,55,65,95,95,45,85,site\out\mons\seadra.json
vigoroth,440,80,80,80,55,55,90,site\out\mons\vigoroth.json
fearow,442,65,90,65,61,61,100,site\out\mons\fearow.json
audino,445,103,60,86,60,86,50,site\out\mons\audino.json
liepard,446,64,88,50,88,50,106,site\out\mons\liepard.json
arbok,448,60,95,69,65,79,80,site\out\mons\arbok.json
doublade,448,59,110,150,45,49,35,site\out\mons\doublade.json
chansey,450,250,5,5,35,105,50,site\out\mons\chansey.json
cherrim,450,70,60,70,87,78,85,site\out\mons\cherrim.json
cherrim_sunshine,450,70,60,70,87,78,85,site\out\mons\cherrim_sunshine.json
granbull,450,90,120,75,60,60,45,site\out\mons\granbull.json
klawf,450,70,100,115,35,55,75,site\out\mons\klawf.json
lokix,450,71,102,78,52,55,92,site\out\mons\lokix.json
piloswine,450,100,100,80,60,60,50,site\out\mons\piloswine.json
sandslash,450,75,100,110,45,55,65,site\out\mons\sandslash.json
sandslash_alola,450,75,100,120,25,65,65,site\out\mons\sandslash_alola.json
seaking,450,80,92,65,65,80,68,site\out\mons\seaking.json
terapagos,450,90,65,85,65,85,60,site\out\mons\terapagos.json
venomoth,450,70,65,60,90,75,90,site\out\mons\venomoth.json
noctowl,452,100,50,50,86,96,70,site\out\mons\noctowl.json
purugly,452,71,82,64,64,59,112,site\out\mons\purugly.json
sliggoo,452,68,75,53,83,113,60,site\out\mons\sliggoo.json
sliggoo_hisui,452,58,75,83,83,113,40,site\out\mons\sliggoo_hisui.json
araquanid,454,68,70,92,50,132,42,site\out\mons\araquanid.json
carnivine,454,74,100,72,90,72,46,site\out\mons\carnivine.json
masquerain,454,70,60,62,100,82,80,site\out\mons\masquerain.json
banette,455,64,115,65,83,63,65,site\out\mons\banette.json
chimecho,455,75,50,80,95,90,65,site\out\mons\chimecho.json
dusclops,455,40,70,130,60,130,25,site\out\mons\dusclops.json
girafarig,455,70,80,65,90,65,85,site\out\mons\girafarig.json
golbat,455,75,80,70,65,75,90,site\out\mons\golbat.json
hitmonchan,455,50,105,79,35,110,76,site\out\mons\hitmonchan.json
hitmonlee,455,50,120,53,35,110,87,site\out\mons\hitmonlee.json
hitmontop,455,50,95,95,35,110,70,site\out\mons\hitmontop.json
jynx,455,65,50,35,115,95,95,site\out\mons\jynx.json
primeape,455,65,105,60,60,70,95,site\out\mons\primeape.json
swellow,455,60,85,60,75,50,125,site\out\mons\swellow.json
thievul,455,70,58,58,87,92,90,site\out\mons\thievul.json
ninjask,456,61,90,45,50,50,160,site\out\mons\ninjask.json
palafin,457,100,70,72,53,62,100,site\out\mons\palafin.json
seviper,458,73,100,60,100,60,65,site\out\mons\seviper.json
zangoose,458,73,115,60,60,60,90,site\out\mons\zangoose.json
basculin,460,70,92,65,80,55,98,site\out\mons\basculin.json
basculin_blue_striped,460,70,92,65,80,55,98,site\out\mons\basculin_blue_striped.json
basculin_hisui,460,70,92,65,80,55,98,site\out\mons\basculin_hisui.json
breloom,460,60,130,80,60,60,70,site\out\mons\breloom.json
camerupt,460,70,100,70,105,75,40,site\out\mons\camerupt.json
eldegoss,460,60,50,90,80,120,60,site\out\mons\eldegoss.json
greedent,460,120,95,95,55,75,20,site\out\mons\greedent.json
jumpluff,460,75,55,70,55,95,110,site\out\mons\jumpluff.json
lanturn,460,125,58,58,76,76,67,site\out\mons\lanturn.json
lumineon,460,69,69,76,69,86,91,site\out\mons\lumineon.json
lunatone,460,90,55,65,95,85,70,site\out\mons\lunatone.json
mrmime,460,40,45,65,100,120,90,site\out\mons\mrmime.json
mrmime_galar,460,50,65,65,90,90,100,site\out\mons\mrmime_galar.json
sharpedo,460,70,120,40,95,40,95,site\out\mons\sharpedo.json
solrock,460,90,95,85,55,65,70,site\out\mons\solrock.json
tropius,460,99,68,83,72,87,51,site\out\mons\tropius.json
maractus,461,75,86,67,106,67,60,site\out\mons\maractus.json
aromatisse,462,101,72,72,99,89,29,site\out\mons\aromatisse.json
amoonguss,464,114,85,70,85,80,30,site\out\mons\amoonguss.json
ribombee,464,60,55,60,95,70,124,site\out\mons\ribombee.json
absol,465,65,130,60,75,60,75,site\out\mons\absol.json
forretress,465,75,90,140,60,60,40,site\out\mons\forretress.json
magneton,465,50,60,95,120,70,70,site\out\mons\magneton.json
sawk,465,75,125,75,30,75,85,site\out\mons\sawk.json
skarmory,465,65,80,140,40,70,70,site\out\mons\skarmory.json
stantler,465,73,95,62,85,65,85,site\out\mons\stantler.json
throh,465,120,100,85,30,85,45,site\out\mons\throh.json
meowstic,466,74,48,76,83,81,104,site\out\mons\meowstic.json
meowstic_f,466,74,48,76,83,81,104,site\out\mons\meowstic_f.json
swalot,467,100,73,83,73,83,55,site\out\mons\swalot.json
crawdaunt,468,63,120,85,90,55,55,site\out\mons\crawdaunt.json
whiscash,468,110,78,73,76,71,60,site\out\mons\whiscash.json
alomomola,470,165,75,80,40,45,65,site\out\mons\alomomola.json
cinccino,470,75,95,60,65,60,115,site\out\mons\cinccino.json
dodrio,470,60,110,70,60,60,110,site\out\mons\dodrio.json
eiscue,470,75,80,110,65,90,50,site\out\mons\eiscue.json
eiscue_noice_face,470,75,80,70,65,50,130,site\out\mons\eiscue_noice_face.json
falinks,470,65,100,100,70,60,75,site\out\mons\falinks.json
grumpig,470,80,45,65,90,110,80,site\out\mons\grumpig.json
klefki,470,57,80,91,80,87,75,site\out\mons\klefki.json
maushold,470,74,75,70,65,75,111,site\out\mons\maushold.json
maushold_four,470,74,75,70,65,75,111,site\out\mons\maushold_four.json
rabsca,470,75,50,85,115,100,45,site\out\mons\rabsca.json
stonjourner,470,100,125,135,20,20,70,site\out\mons\stonjourner.json
torkoal,470,70,85,140,85,70,20,site\out\mons\torkoal.json
xatu,470,65,75,70,95,70,95,site\out\mons\xatu.json
stunfisk,471,109,66,84,81,99,32,site\out\mons\stunfisk.json
stunfisk_galar,471,109,81,99,66,84,32,site\out\mons\stunfisk_galar.json
blue_furfrou,472,75,80,60,65,90,102,site\out\mons\blue_furfrou.json
blue_furfrou_dandy,472,75,80,60,65,90,102,site\out\mons\blue_furfrou_dandy.json
blue_furfrou_debutante,472,75,80,60,65,90,102,site\out\mons\blue_furfrou_debutante.json
blue_furfrou_diamond,472,75,80,60,65,90,102,site\out\mons\blue_furfrou_diamond.json
blue_furfrou_heart,472,75,80,60,65,90,102,site\out\mons\blue_furfrou_heart.json
blue_furfrou_kabuki,472,75,80,60,65,90,102,site\out\mons\blue_furfrou_kabuki.json
blue_furfrou_la_reine,472,75,80,60,65,90,102,site\out\mons\blue_furfrou_la_reine.json
blue_furfrou_matron,472,75,80,60,65,90,102,site\out\mons\blue_furfrou_matron.json
blue_furfrou_pharaoh,472,75,80,60,65,90,102,site\out\mons\blue_furfrou_pharaoh.json
blue_furfrou_star,472,75,80,60,65,90,102,site\out\mons\blue_furfrou_star.json
cyan_furfrou,472,75,80,60,65,90,102,site\out\mons\cyan_furfrou.json
cyan_furfrou_dandy,472,75,80,60,65,90,102,site\out\mons\cyan_furfrou_dandy.json
cyan_furfrou_debutante,472,75,80,60,65,90,102,site\out\mons\cyan_furfrou_debutante.json
cyan_furfrou_diamond,472,75,80,60,65,90,102,site\out\mons\cyan_furfrou_diamond.json
cyan_furfrou_heart,472,75,80,60,65,90,102,site\out\mons\cyan_furfrou_heart.json
cyan_furfrou_kabuki,472,75,80,60,65,90,102,site\out\mons\cyan_furfrou_kabuki.json
cyan_furfrou_la_reine,472,75,80,60,65,90,102,site\out\mons\cyan_furfrou_la_reine.json
cyan_furfrou_matron,472,75,80,60,65,90,102,site\out\mons\cyan_furfrou_matron.json
cyan_furfrou_pharaoh,472,75,80,60,65,90,102,site\out\mons\cyan_furfrou_pharaoh.json
cyan_furfrou_star,472,75,80,60,65,90,102,site\out\mons\cyan_furfrou_star.json
furfrou,472,75,80,60,65,90,102,site\out\mons\furfrou.json
furfrou_dandy,472,75,80,60,65,90,102,site\out\mons\furfrou_dandy.json
furfrou_debutante,472,75,80,60,65,90,102,site\out\mons\furfrou_debutante.json
furfrou_diamond,472,75,80,60,65,90,102,site\out\mons\furfrou_diamond.json
furfrou_heart,472,75,80,60,65,90,102,site\out\mons\furfrou_heart.json
furfrou_kabuki,472,75,80,60,65,90,102,site\out\mons\furfrou_kabuki.json
furfrou_la_reine,472,75,80,60,65,90,102,site\out\mons\furfrou_la_reine.json
furfrou_matron,472,75,80,60,65,90,102,site\out\mons\furfrou_matron.json
furfrou_pharaoh,472,75,80,60,65,90,102,site\out\mons\furfrou_pharaoh.json
furfrou_star,472,75,80,60,65,90,102,site\out\mons\furfrou_star.json
galvantula,472,70,77,60,97,60,108,site\out\mons\galvantula.json
lightblue_furfrou,472,75,80,60,65,90,102,site\out\mons\lightblue_furfrou.json
lightblue_furfrou_dandy,472,75,80,60,65,90,102,site\out\mons\lightblue_furfrou_dandy.json
lightblue_furfrou_debutante,472,75,80,60,65,90,102,site\out\mons\lightblue_furfrou_debutante.json
lightblue_furfrou_diamond,472,75,80,60,65,90,102,site\out\mons\lightblue_furfrou_diamond.json
lightblue_furfrou_heart,472,75,80,60,65,90,102,site\out\mons\lightblue_furfrou_heart.json
lightblue_furfrou_kabuki,472,75,80,60,65,90,102,site\out\mons\lightblue_furfrou_kabuki.json
lightblue_furfrou_la_reine,472,75,80,60,65,90,102,site\out\mons\lightblue_furfrou_la_reine.json
lightblue_furfrou_matron,472,75,80,60,65,90,102,site\out\mons\lightblue_furfrou_matron.json
lightblue_furfrou_pharaoh,472,75,80,60,65,90,102,site\out\mons\lightblue_furfrou_pharaoh.json
lightblue_furfrou_star,472,75,80,60,65,90,102,site\out\mons\lightblue_furfrou_star.json
limegreen_furfrou,472,75,80,60,65,90,102,site\out\mons\limegreen_furfrou.json
limegreen_furfrou_dandy,472,75,80,60,65,90,102,site\out\mons\limegreen_furfrou_dandy.json
limegreen_furfrou_debutante,472,75,80,60,65,90,102,site\out\mons\limegreen_furfrou_debutante.json
limegreen_furfrou_diamond,472,75,80,60,65,90,102,site\out\mons\limegreen_furfrou_diamond.json
limegreen_furfrou_heart,472,75,80,60,65,90,102,site\out\mons\limegreen_furfrou_heart.json
limegreen_furfrou_kabuki,472,75,80,60,65,90,102,site\out\mons\limegreen_furfrou_kabuki.json
limegreen_furfrou_la_reine,472,75,80,60,65,90,102,site\out\mons\limegreen_furfrou_la_reine.json
limegreen_furfrou_matron,472,75,80,60,65,90,102,site\out\mons\limegreen_furfrou_matron.json
limegreen_furfrou_pharaoh,472,75,80,60,65,90,102,site\out\mons\limegreen_furfrou_pharaoh.json
limegreen_furfrou_star,472,75,80,60,65,90,102,site\out\mons\limegreen_furfrou_star.json
orange_furfrou,472,75,80,60,65,90,102,site\out\mons\orange_furfrou.json
orange_furfrou_dandy,472,75,80,60,65,90,102,site\out\mons\orange_furfrou_dandy.json
orange_furfrou_debutante,472,75,80,60,65,90,102,site\out\mons\orange_furfrou_debutante.json
orange_furfrou_diamond,472,75,80,60,65,90,102,site\out\mons\orange_furfrou_diamond.json
orange_furfrou_heart,472,75,80,60,65,90,102,site\out\mons\orange_furfrou_heart.json
orange_furfrou_kabuki,472,75,80,60,65,90,102,site\out\mons\orange_furfrou_kabuki.json
orange_furfrou_la_reine,472,75,80,60,65,90,102,site\out\mons\orange_furfrou_la_reine.json
orange_furfrou_matron,472,75,80,60,65,90,102,site\out\mons\orange_furfrou_matron.json
orange_furfrou_pharaoh,472,75,80,60,65,90,102,site\out\mons\orange_furfrou_pharaoh.json
orange_furfrou_star,472,75,80,60,65,90,102,site\out\mons\orange_furfrou_star.json
pink_furfrou,472,75,80,60,65,90,102,site\out\mons\pink_furfrou.json
pink_furfrou_dandy,472,75,80,60,65,90,102,site\out\mons\pink_furfrou_dandy.json
pink_furfrou_debutante,472,75,80,60,65,90,102,site\out\mons\pink_furfrou_debutante.json
pink_furfrou_diamond,472,75,80,60,65,90,102,site\out\mons\pink_furfrou_diamond.json
pink_furfrou_heart,472,75,80,60,65,90,102,site\out\mons\pink_furfrou_heart.json
pink_furfrou_kabuki,472,75,80,60,65,90,102,site\out\mons\pink_furfrou_kabuki.json
pink_furfrou_la_reine,472,75,80,60,65,90,102,site\out\mons\pink_furfrou_la_reine.json
pink_furfrou_matron,472,75,80,60,65,90,102,site\out\mons\pink_furfrou_matron.json
pink_furfrou_pharaoh,472,75,80,60,65,90,102,site\out\mons\pink_furfrou_pharaoh.json
pink_furfrou_star,472,75,80,60,65,90,102,site\out\mons\pink_furfrou_star.json
purple_furfrou,472,75,80,60,65,90,102,site\out\mons\purple_furfrou.json
purple_furfrou_dandy,472,75,80,60,65,90,102,site\out\mons\purple_furfrou_dandy.json
purple_furfrou_debutante,472,75,80,60,65,90,102,site\out\mons\purple_furfrou_debutante.json
purple_furfrou_diamond,472,75,80,60,65,90,102,site\out\mons\purple_furfrou_diamond.json
purple_furfrou_heart,472,75,80,60,65,90,102,site\out\mons\purple_furfrou_heart.json
purple_furfrou_kabuki,472,75,80,60,65,90,102,site\out\mons\purple_furfrou_kabuki.json
purple_furfrou_la_reine,472,75,80,60,65,90,102,site\out\mons\purple_furfrou_la_reine.json
purple_furfrou_matron,472,75,80,60,65,90,102,site\out\mons\purple_furfrou_matron.json
purple_furfrou_pharaoh,472,75,80,60,65,90,102,site\out\mons\purple_furfrou_pharaoh.json
purple_furfrou_star,472,75,80,60,65,90,102,site\out\mons\purple_furfrou_star.json
red_furfrou,472,75,80,60,65,90,102,site\out\mons\red_furfrou.json
red_furfrou_dandy,472,75,80,60,65,90,102,site\out\mons\red_furfrou_dandy.json
red_furfrou_debutante,472,75,80,60,65,90,102,site\out\mons\red_furfrou_debutante.json
red_furfrou_diamond,472,75,80,60,65,90,102,site\out\mons\red_furfrou_diamond.json
red_furfrou_heart,472,75,80,60,65,90,102,site\out\mons\red_furfrou_heart.json
red_furfrou_kabuki,472,75,80,60,65,90,102,site\out\mons\red_furfrou_kabuki.json
red_furfrou_la_reine,472,75,80,60,65,90,102,site\out\mons\red_furfrou_la_reine.json
red_furfrou_matron,472,75,80,60,65,90,102,site\out\mons\red_furfrou_matron.json
red_furfrou_pharaoh,472,75,80,60,65,90,102,site\out\mons\red_furfrou_pharaoh.json
red_furfrou_star,472,75,80,60,65,90,102,site\out\mons\red_furfrou_star.json
yellow_furfrou,472,75,80,60,65,90,102,site\out\mons\yellow_furfrou.json
yellow_furfrou_dandy,472,75,80,60,65,90,102,site\out\mons\yellow_furfrou_dandy.json
yellow_furfrou_debutante,472,75,80,60,65,90,102,site\out\mons\yellow_furfrou_debutante.json
yellow_furfrou_diamond,472,75,80,60,65,90,102,site\out\mons\yellow_furfrou_diamond.json
yellow_furfrou_heart,472,75,80,60,65,90,102,site\out\mons\yellow_furfrou_heart.json
yellow_furfrou_kabuki,472,75,80,60,65,90,102,site\out\mons\yellow_furfrou_kabuki.json
yellow_furfrou_la_reine,472,75,80,60,65,90,102,site\out\mons\yellow_furfrou_la_reine.json
yellow_furfrou_matron,472,75,80,60,65,90,102,site\out\mons\yellow_furfrou_matron.json
yellow_furfrou_pharaoh,472,75,80,60,65,90,102,site\out\mons\yellow_furfrou_pharaoh.json
yellow_furfrou_star,472,75,80,60,65,90,102,site\out\mons\yellow_furfrou_star.json
swanna,473,75,87,63,87,63,98,site\out\mons\swanna.json
garbodor,474,80,95,82,60,82,75,site\out\mons\garbodor.json
hariyama,474,144,120,60,40,60,50,site\out\mons\hariyama.json
trevenant,474,85,110,76,65,82,56,site\out\mons\trevenant.json
vespiquen,474,70,80,102,80,102,40,site\out\mons\vespiquen.json
bruxish,475,68,105,70,70,70,92,site\out\mons\bruxish.json
cacturne,475,70,115,60,115,60,55,site\out\mons\cacturne.json
cramorant,475,70,85,55,85,95,85,site\out\mons\cramorant.json
cramorant_gorging,475,70,85,55,85,95,85,site\out\mons\cramorant_gorging.json
cramorant_gulping,475,70,85,55,85,95,85,site\out\mons\cramorant_gulping.json
dewgong,475,90,70,80,70,95,70,site\out\mons\dewgong.json
frosmoth,475,70,65,60,125,90,65,site\out\mons\frosmoth.json
gastrodon,475,111,83,68,92,82,39,site\out\mons\gastrodon.json
gastrodon_east,475,111,83,68,92,82,39,site\out\mons\gastrodon_east.json
indeedee,475,60,65,55,105,95,95,site\out\mons\indeedee.json
indeedee_f,475,70,55,65,95,105,85,site\out\mons\indeedee_f.json
kingler,475,55,130,115,50,50,75,site\out\mons\kingler.json
manectric,475,70,75,60,105,60,105,site\out\mons\manectric.json
sawsbuck,475,80,100,70,60,70,95,site\out\mons\sawsbuck.json
sawsbuck_autumn,475,80,100,70,60,70,95,site\out\mons\sawsbuck_autumn.json
sawsbuck_summer,475,80,100,70,60,70,95,site\out\mons\sawsbuck_summer.json
sawsbuck_winter,475,80,100,70,60,70,95,site\out\mons\sawsbuck_winter.json
tatsugiri,475,68,50,60,120,95,82,site\out\mons\tatsugiri.json
tatsugiri_droopy,475,68,50,60,120,95,82,site\out\mons\tatsugiri_droopy.json
tatsugiri_stretchy,475,68,50,60,120,95,82,site\out\mons\tatsugiri_stretchy.json
mimikyu,476,55,90,80,50,105,96,site\out\mons\mimikyu.json
mimikyu_busted,476,55,90,80,50,105,96,site\out\mons\mimikyu_busted.json
oricorio,476,75,70,70,98,70,93,site\out\mons\oricorio.json
oricorio_pa_u,476,75,70,70,98,70,93,site\out\mons\oricorio_pa_u.json
oricorio_pom_pom,476,75,70,70,98,70,93,site\out\mons\oricorio_pom_pom.json
oricorio_sensu,476,75,70,70,98,70,93,site\out\mons\oricorio_sensu.json
dachsbun,477,57,80,115,50,80,95,site\out\mons\dachsbun.json
crabominable,478,97,132,77,62,67,43,site\out\mons\crabominable.json
veluza,478,90,102,73,78,65,70,site\out\mons\veluza.json
pidgeot,479,83,80,75,70,70,101,site\out\mons\pidgeot.json
skuntank,479,103,93,67,71,61,84,site\out\mons\skuntank.json
brambleghast,480,55,115,70,80,70,90,site\out\mons\brambleghast.json
darmanitan,480,105,140,55,30,55,95,site\out\mons\darmanitan.json
froslass,480,70,80,70,80,70,110,site\out\mons\froslass.json
glalie,480,80,80,80,80,80,80,site\out\mons\glalie.json
grapploct,480,80,118,90,70,80,42,site\out\mons\grapploct.json
jellicent,480,100,60,70,85,105,60,site\out\mons\jellicent.json
komala,480,65,115,65,75,95,65,site\out\mons\komala.json
lilligant,480,70,60,75,110,75,90,site\out\mons\lilligant.json
lilligant_hisui,480,70,105,75,50,75,105,site\out\mons\lilligant_hisui.json
lopunny,480,65,76,84,54,96,105,site\out\mons\lopunny.json
ludicolo,480,80,70,70,90,100,70,site\out\mons\ludicolo.json
lurantis,480,70,105,90,80,90,45,site\out\mons\lurantis.json
octillery,480,75,105,75,105,75,45,site\out\mons\octillery.json
orthworm,480,70,85,145,60,55,65,site\out\mons\orthworm.json
palossand,480,85,75,110,100,75,35,site\out\mons\palossand.json
phione,480,80,80,80,80,80,80,site\out\mons\phione.json
salazzle,480,68,64,60,111,60,117,site\out\mons\salazzle.json
shiftry,480,90,100,60,90,60,80,site\out\mons\shiftry.json
slurpuff,480,82,80,86,85,75,72,site\out\mons\slurpuff.json
whimsicott,480,60,67,85,77,75,116,site\out\mons\whimsicott.json
espathra,481,95,60,60,101,60,105,site\out\mons\espathra.json
heliolisk,481,62,55,52,109,94,109,site\out\mons\heliolisk.json
ambipom,482,75,100,66,60,66,115,site\out\mons\ambipom.json
malamar,482,86,92,88,68,75,73,site\out\mons\malamar.json
clefable,483,95,70,73,95,90,60,site\out\mons\clefable.json
cofagrigus,483,58,50,145,95,105,30,site\out\mons\cofagrigus.json
golurk,483,89,124,80,55,80,55,site\out\mons\golurk.json
hypno,483,85,73,70,73,115,67,site\out\mons\hypno.json
runerigus,483,58,95,145,50,105,30,site\out\mons\runerigus.json
durant,484,58,109,112,48,48,109,site\out\mons\durant.json
heatmor,484,85,97,66,105,66,65,site\out\mons\heatmor.json
appletun,485,110,85,80,100,80,30,site\out\mons\appletun.json
beheeyem,485,75,75,75,125,95,40,site\out\mons\beheeyem.json
bombirdier,485,70,103,85,60,85,82,site\out\mons\bombirdier.json
comfey,485,51,52,90,82,110,100,site\out\mons\comfey.json
crustle,485,70,105,125,65,75,45,site\out\mons\crustle.json
dipplin,485,80,80,110,95,80,40,site\out\mons\dipplin.json
drampa,485,78,60,85,135,91,36,site\out\mons\drampa.json
drednaw,485,90,115,90,48,68,74,site\out\mons\drednaw.json
druddigon,485,77,120,90,60,90,48,site\out\mons\druddigon.json
flapple,485,70,110,80,95,60,70,site\out\mons\flapple.json
gorebyss,485,55,84,105,114,75,52,site\out\mons\gorebyss.json
grafaiai,485,63,95,65,80,72,110,site\out\mons\grafaiai.json
huntail,485,55,104,105,94,75,52,site\out\mons\huntail.json
mantine,485,85,40,70,80,140,70,site\out\mons\mantine.json
raichu,485,60,90,55,90,80,110,site\out\mons\raichu.json
raichu_alola,485,60,85,50,95,85,110,site\out\mons\raichu_alola.json
relicanth,485,100,90,130,45,65,55,site\out\mons\relicanth.json
rhydon,485,105,130,120,45,45,40,site\out\mons\rhydon.json
scolipede,485,60,100,89,55,69,112,site\out\mons\scolipede.json
spiritomb,485,50,92,108,92,108,35,site\out\mons\spiritomb.json
staraptor,485,85,120,70,50,60,100,site\out\mons\staraptor.json
toucannon,485,80,120,75,75,75,60,site\out\mons\toucannon.json
turtonator,485,60,78,135,91,85,36,site\out\mons\turtonator.json
scovillain,486,65,108,65,108,65,75,site\out\mons\scovillain.json
zygarde_10,486,54,100,71,61,85,115,site\out\mons\zygarde_10.json
zygarde_10_c,486,54,100,71,61,85,115,site\out\mons\zygarde_10_c.json
lycanroc,487,75,115,65,55,65,112,site\out\mons\lycanroc.json
lycanroc_dusk,487,75,117,65,55,65,110,site\out\mons\lycanroc_dusk.json
lycanroc_midnight,487,85,115,75,55,75,82,site\out\mons\lycanroc_midnight.json
musharna,487,116,55,85,107,95,29,site\out\mons\musharna.json
houndstone,488,72,101,100,50,97,68,site\out\mons\houndstone.json
scrafty,488,65,90,115,45,115,58,site\out\mons\scrafty.json
unfezant,488,80,115,80,65,55,93,site\out\mons\unfezant.json
ferrothorn,489,74,94,131,54,116,20,site\out\mons\ferrothorn.json
oinkologne,489,110,100,75,59,80,65,site\out\mons\oinkologne.json
oinkologne_f,489,115,90,70,59,90,65,site\out\mons\oinkologne_f.json
altaria,490,75,70,90,70,105,80,site\out\mons\altaria.json
barraskewda,490,61,123,60,60,50,136,site\out\mons\barraskewda.json
bellossom,490,75,80,95,90,100,50,site\out\mons\bellossom.json
bisharp,490,65,125,100,60,70,70,site\out\mons\bisharp.json
bisharp_override,490,65,125,100,60,70,70,site\out\mons\bisharp_override.json
boltund,490,69,90,60,90,60,121,site\out\mons\boltund.json
bouffalant,490,95,110,95,40,95,55,site\out\mons\bouffalant.json
dubwool,490,72,80,100,60,90,88,site\out\mons\dubwool.json
electabuzz,490,65,83,57,95,85,105,site\out\mons\electabuzz.json
electrode,490,60,50,70,80,80,150,site\out\mons\electrode.json
electrode_hisui,490,60,50,70,80,80,150,site\out\mons\electrode_hisui.json
exploud,490,104,91,63,91,73,68,site\out\mons\exploud.json
gothitelle,490,70,55,95,95,110,65,site\out\mons\gothitelle.json
kangaskhan,490,105,95,80,40,80,90,site\out\mons\kangaskhan.json
kilowattrel,490,70,70,60,105,60,125,site\out\mons\kilowattrel.json
miltank,490,95,80,105,40,70,100,site\out\mons\miltank.json
oranguru,490,90,60,80,90,110,60,site\out\mons\oranguru.json
passimian,490,100,120,90,40,60,80,site\out\mons\passimian.json
pawmot,490,70,115,70,70,60,105,site\out\mons\pawmot.json
reuniclus,490,110,65,75,125,85,30,site\out\mons\reuniclus.json
sigilyph,490,72,58,80,103,80,97,site\out\mons\sigilyph.json
slowbro,490,95,75,110,100,80,30,site\out\mons\slowbro.json
slowbro_galar,490,95,100,95,100,70,30,site\out\mons\slowbro_galar.json
slowking,490,95,75,80,100,110,30,site\out\mons\slowking.json
slowking_galar,490,95,65,80,110,110,30,site\out\mons\slowking_galar.json
tauros,490,75,100,95,40,70,110,site\out\mons\tauros.json
tauros_paldea,490,75,110,105,30,70,100,site\out\mons\tauros_paldea.json
toxicroak,490,83,106,65,86,65,85,site\out\mons\toxicroak.json
victreebel,490,80,105,65,100,70,70,site\out\mons\victreebel.json
vileplume,490,75,80,85,110,90,50,site\out\mons\vileplume.json
weezing,490,65,90,120,85,70,60,site\out\mons\weezing.json
weezing_galar,490,65,90,120,85,70,60,site\out\mons\weezing_galar.json
abomasnow,494,90,92,75,92,85,60,site\out\mons\abomasnow.json
dragalge,494,65,75,90,97,123,44,site\out\mons\dragalge.json
gourgeist,494,65,90,122,58,75,84,site\out\mons\gourgeist.json
gourgeist_large,494,75,95,122,58,75,69,site\out\mons\gourgeist_large.json
gourgeist_small,494,55,85,122,58,75,99,site\out\mons\gourgeist_small.json
gourgeist_super,494,85,100,122,58,75,54,site\out\mons\gourgeist_super.json
accelgor,495,80,70,40,100,60,145,site\out\mons\accelgor.json
alcremie,495,65,60,75,110,121,64,site\out\mons\alcremie.json
alcremie_caramel_swirl,495,65,60,75,110,121,64,site\out\mons\alcremie_caramel_swirl.json
alcremie_lemon_cream,495,65,60,75,110,121,64,site\out\mons\alcremie_lemon_cream.json
alcremie_matcha_cream,495,65,60,75,110,121,64,site\out\mons\alcremie_matcha_cream.json
alcremie_mint_cream,495,65,60,75,110,121,64,site\out\mons\alcremie_mint_cream.json
alcremie_rainbow_swirl,495,65,60,75,110,121,64,site\out\mons\alcremie_rainbow_swirl.json
alcremie_ruby_cream,495,65,60,75,110,121,64,site\out\mons\alcremie_ruby_cream.json
alcremie_ruby_swirl,495,65,60,75,110,121,64,site\out\mons\alcremie_ruby_swirl.json
alcremie_salted_cream,495,65,60,75,110,121,64,site\out\mons\alcremie_salted_cream.json
armaldo,495,75,125,100,70,80,45,site\out\mons\armaldo.json
bastiodon,495,60,52,168,47,138,30,site\out\mons\bastiodon.json
bellibolt,495,109,64,91,103,83,45,site\out\mons\bellibolt.json
carracosta,495,74,108,133,83,65,32,site\out\mons\carracosta.json
corviknight,495,98,87,105,53,85,67,site\out\mons\corviknight.json
cradily,495,86,81,97,81,107,43,site\out\mons\cradily.json
escavalier,495,70,135,105,60,105,20,site\out\mons\escavalier.json
floatzel,495,85,105,55,85,50,115,site\out\mons\floatzel.json
golem,495,80,120,130,55,65,45,site\out\mons\golem.json
golem_alola,495,80,120,130,55,65,45,site\out\mons\golem_alola.json
kabutops,495,60,115,105,65,70,80,site\out\mons\kabutops.json
magmar,495,65,95,57,100,85,93,site\out\mons\magmar.json
mismagius,495,60,60,60,105,105,105,site\out\mons\mismagius.json
omastar,495,70,60,125,115,70,55,site\out\mons\omastar.json
pangoro,495,95,124,78,69,71,58,site\out\mons\pangoro.json
rampardos,495,97,165,60,65,50,58,site\out\mons\rampardos.json
toxapex,495,50,63,152,53,142,35,site\out\mons\toxapex.json
zebstrika,497,75,100,63,80,63,116,site\out\mons\zebstrika.json
drifblim,498,150,80,44,90,54,80,site\out\mons\drifblim.json
simipour,498,75,98,63,98,63,101,site\out\mons\simipour.json
simisage,498,75,98,63,98,63,101,site\out\mons\simisage.json
simisear,498,75,98,63,98,63,101,site\out\mons\simisear.json
talonflame,499,78,81,71,74,69,126,site\out\mons\talonflame.json
aegislash,500,60,50,140,50,140,60,site\out\mons\aegislash.json
aegislash_blade,500,60,140,50,140,50,60,site\out\mons\aegislash_blade.json
alakazam,500,55,50,45,135,95,120,site\out\mons\alakazam.json
barbaracle,500,72,105,115,54,86,68,site\out\mons\barbaracle.json
bewear,500,120,125,80,55,60,60,site\out\mons\bewear.json
bronzong,500,67,89,116,79,116,33,site\out\mons\bronzong.json
calyrex,500,100,80,80,80,80,80,site\out\mons\calyrex.json
carbink,500,50,50,150,50,150,50,site\out\mons\carbink.json
clawitzer,500,71,73,88,120,89,59,site\out\mons\clawitzer.json
claydol,500,60,70,105,70,120,75,site\out\mons\claydol.json
copperajah,500,122,130,69,80,69,30,site\out\mons\copperajah.json
donphan,500,90,120,120,60,60,50,site\out\mons\donphan.json
drapion,500,70,90,110,60,75,95,site\out\mons\drapion.json
flamigo,500,82,115,74,75,64,90,site\out\mons\flamigo.json
garganacl,500,100,100,130,45,90,35,site\out\mons\garganacl.json
gengar,500,60,65,60,130,75,110,site\out\mons\gengar.json
golduck,500,80,82,78,95,80,85,site\out\mons\golduck.json
hawlucha,500,78,92,75,74,63,118,site\out\mons\hawlucha.json
heracross,500,80,125,75,40,95,85,site\out\mons\heracross.json
houndoom,500,75,90,50,110,80,95,site\out\mons\houndoom.json
kleavor,500,70,135,95,45,70,85,site\out\mons\kleavor.json
leavanny,500,75,103,80,70,80,92,site\out\mons\leavanny.json
minior,500,60,100,60,100,60,120,site\out\mons\minior.json
mudsdale,500,100,125,100,55,85,35,site\out\mons\mudsdale.json
muk,500,105,105,75,65,100,50,site\out\mons\muk.json
muk_alola,500,105,105,75,65,100,50,site\out\mons\muk_alola.json
pinsir,500,65,125,100,55,70,85,site\out\mons\pinsir.json
politoed,500,90,75,75,90,100,70,site\out\mons\politoed.json
rapidash,500,65,100,70,80,80,105,site\out\mons\rapidash.json
rapidash_galar,500,65,100,70,80,80,105,site\out\mons\rapidash_galar.json
revavroom,500,80,119,90,54,67,90,site\out\mons\revavroom.json
scizor,500,70,130,100,55,80,65,site\out\mons\scizor.json
scyther,500,70,110,80,55,80,105,site\out\mons\scyther.json
stoutland,500,85,110,90,45,90,80,site\out\mons\stoutland.json
ursaring,500,90,130,75,75,75,55,site\out\mons\ursaring.json
vikavolt,500,77,70,90,145,75,43,site\out\mons\vikavolt.json
wailord,500,170,90,45,90,45,60,site\out\mons\wailord.json
cyclizar,501,70,95,65,85,65,121,site\out\mons\cyclizar.json
toxtricity,502,75,98,70,114,70,75,site\out\mons\toxtricity.json
toxtricity_low_key,502,75,98,70,114,70,75,site\out\mons\toxtricity_low_key.json
arctovish,505,90,90,100,80,90,55,site\out\mons\arctovish.json
arctozolt,505,90,100,90,90,80,55,site\out\mons\arctozolt.json
beartic,505,95,130,80,70,80,50,site\out\mons\beartic.json
conkeldurr,505,105,140,95,55,65,45,site\out\mons\conkeldurr.json
dracovish,505,90,90,100,70,80,75,site\out\mons\dracovish.json
dracozolt,505,90,100,90,80,70,75,site\out\mons\dracozolt.json
honchkrow,505,100,125,52,105,52,71,site\out\mons\honchkrow.json
mabosstiff,505,80,120,90,60,70,85,site\out\mons\mabosstiff.json
machamp,505,90,130,80,65,85,55,site\out\mons\machamp.json
nidoking,505,81,102,77,85,75,85,site\out\mons\nidoking.json
nidoqueen,505,90,92,87,75,85,76,site\out\mons\nidoqueen.json
ninetales,505,73,76,75,81,100,100,site\out\mons\ninetales.json
ninetales_alola,505,73,67,75,81,100,109,site\out\mons\ninetales_alola.json
orbeetle,505,60,45,110,80,120,90,site\out\mons\orbeetle.json
shuckle,505,20,10,230,10,230,5,site\out\mons\shuckle.json
tinkaton,506,85,75,77,70,105,94,site\out\mons\tinkaton.json
pyroar,507,86,68,72,109,66,106,site\out\mons\pyroar.json
sirfetchd,507,62,135,95,68,82,65,site\out\mons\sirfetchd.json
excadrill,508,110,135,60,50,65,88,site\out\mons\excadrill.json
polteageist,508,60,65,65,134,114,70,site\out\mons\polteageist.json
polteageist_antique,508,60,65,65,134,114,70,site\out\mons\polteageist_antique.json
sinistcha,508,71,60,106,121,80,70,site\out\mons\sinistcha.json
sinistcha_masterpiece,508,71,60,106,121,80,70,site\out\mons\sinistcha_masterpiece.json
seismitoad,509,105,95,75,85,75,74,site\out\mons\seismitoad.json
ampharos,510,90,75,85,115,90,55,site\out\mons\ampharos.json
arboliva,510,78,69,90,125,109,39,site\out\mons\arboliva.json
braviary,510,100,123,75,57,75,80,site\out\mons\braviary.json
braviary_hisui,510,110,83,70,112,70,65,site\out\mons\braviary_hisui.json
coalossal,510,110,80,120,80,90,30,site\out\mons\coalossal.json
cursola,510,60,95,50,145,130,30,site\out\mons\cursola.json
gliscor,510,75,95,125,45,75,95,site\out\mons\gliscor.json
grimmsnarl,510,95,120,65,95,75,60,site\out\mons\grimmsnarl.json
hatterene,510,57,90,95,136,103,29,site\out\mons\hatterene.json
mandibuzz,510,110,65,105,55,95,80,site\out\mons\mandibuzz.json
mienshao,510,65,125,60,95,60,105,site\out\mons\mienshao.json
overqwil,510,85,115,95,65,65,85,site\out\mons\overqwil.json
poliwrath,510,90,95,95,70,90,70,site\out\mons\poliwrath.json
sandaconda,510,72,107,125,65,70,71,site\out\mons\sandaconda.json
sneasler,510,80,130,60,40,80,120,site\out\mons\sneasler.json
steelix,510,75,85,200,55,65,30,site\out\mons\steelix.json
tsareena,510,72,120,98,50,98,72,site\out\mons\tsareena.json
weavile,510,70,120,65,45,85,125,site\out\mons\weavile.json
zoroark,510,60,105,60,120,60,105,site\out\mons\zoroark.json
zoroark_hisui,510,55,100,60,125,60,110,site\out\mons\zoroark_hisui.json
avalugg,514,95,117,184,44,46,28,site\out\mons\avalugg.json
avalugg_hisui,514,95,127,184,34,36,38,site\out\mons\avalugg_hisui.json
aerodactyl,515,80,105,65,60,75,130,site\out\mons\aerodactyl.json
cryogonal,515,80,50,50,95,135,105,site\out\mons\cryogonal.json
eelektross,515,85,115,80,105,80,50,site\out\mons\eelektross.json
gigalith,515,85,135,130,60,80,25,site\out\mons\gigalith.json
lickilicky,515,110,85,95,80,95,50,site\out\mons\lickilicky.json
porygon2,515,85,80,90,105,95,60,site\out\mons\porygon2.json
roserade,515,60,70,65,125,105,90,site\out\mons\roserade.json
tentacruel,515,80,70,65,80,120,100,site\out\mons\tentacruel.json
toedscruel,515,80,70,65,80,120,100,site\out\mons\toedscruel.json
yanmega,515,86,76,86,116,56,95,site\out\mons\yanmega.json
dhelmise,517,70,131,100,86,90,40,site\out\mons\dhelmise.json
gallade,518,68,125,65,65,115,80,site\out\mons\gallade.json
gardevoir,518,68,65,65,125,115,80,site\out\mons\gardevoir.json
krookodile,519,95,117,80,65,70,92,site\out\mons\krookodile.json
chandelure,520,60,55,90,145,90,80,site\out\mons\chandelure.json
dudunsparce,520,125,100,80,85,75,55,site\out\mons\dudunsparce.json
dudunsparce_three_segment,520,125,100,80,85,75,55,site\out\mons\dudunsparce_three_segment.json
farigiraf,520,120,90,70,110,70,60,site\out\mons\farigiraf.json
flygon,520,80,100,80,80,80,100,site\out\mons\flygon.json
klinklang,520,60,100,115,70,85,90,site\out\mons\klinklang.json
mrrime,520,80,85,75,110,100,70,site\out\mons\mrrime.json
obstagoon,520,93,90,101,60,81,95,site\out\mons\obstagoon.json
rotom_fan,520,50,65,107,105,107,86,site\out\mons\rotom_fan.json
rotom_frost,520,50,65,107,105,107,86,site\out\mons\rotom_frost.json
rotom_heat,520,50,65,107,105,107,86,site\out\mons\rotom_heat.json
rotom_mow,520,50,65,107,105,107,86,site\out\mons\rotom_mow.json
rotom_wash,520,50,65,107,105,107,86,site\out\mons\rotom_wash.json
starmie,520,60,75,85,100,85,115,site\out\mons\starmie.json
aurorus,521,123,77,72,99,92,58,site\out\mons\aurorus.json
cetitan,521,170,113,65,45,55,73,site\out\mons\cetitan.json
tyrantrum,521,82,121,119,69,59,71,site\out\mons\tyrantrum.json
luxray,523,80,120,79,95,79,70,site\out\mons\luxray.json
armarouge,525,85,60,100,125,80,75,site\out\mons\armarouge.json
centiskorch,525,100,115,65,90,90,65,site\out\mons\centiskorch.json
ceruledge,525,75,125,80,60,100,85,site\out\mons\ceruledge.json
cloyster,525,50,95,180,85,45,70,site\out\mons\cloyster.json
dusknoir,525,45,100,135,65,135,45,site\out\mons\dusknoir.json
espeon,525,65,65,60,130,95,110,site\out\mons\espeon.json
flareon,525,65,130,60,95,110,65,site\out\mons\flareon.json
glaceon,525,65,60,110,130,95,65,site\out\mons\glaceon.json
glimmora,525,83,55,90,130,81,86,site\out\mons\glimmora.json
hippowdon,525,108,112,118,68,72,47,site\out\mons\hippowdon.json
jolteon,525,65,65,60,110,95,130,site\out\mons\jolteon.json
leafeon,525,65,110,130,60,65,95,site\out\mons\leafeon.json
lucario,525,70,110,70,115,70,90,site\out\mons\lucario.json
meganium,525,80,82,100,83,100,80,site\out\mons\meganium.json
probopass,525,60,55,145,75,150,40,site\out\mons\probopass.json
sylveon,525,95,65,65,110,130,60,site\out\mons\sylveon.json
torterra,525,95,109,105,75,85,56,site\out\mons\torterra.json
umbreon,525,95,65,110,60,130,65,site\out\mons\umbreon.json
vaporeon,525,130,65,60,110,95,65,site\out\mons\vaporeon.json
venusaur,525,80,82,83,100,100,80,site\out\mons\venusaur.json
wyrdeer,525,103,105,72,105,75,65,site\out\mons\wyrdeer.json
emboar,528,110,123,65,100,65,65,site\out\mons\emboar.json
samurott,528,95,100,85,108,70,70,site\out\mons\samurott.json
samurott_hisui,528,90,108,80,100,65,85,site\out\mons\samurott_hisui.json
serperior,528,75,75,95,75,95,113,site\out\mons\serperior.json
aggron,530,70,110,180,60,60,50,site\out\mons\aggron.json
basculegion,530,120,112,65,80,75,78,site\out\mons\basculegion.json
basculegion_f,530,120,92,65,100,75,78,site\out\mons\basculegion_f.json
blastoise,530,79,83,100,85,105,78,site\out\mons\blastoise.json
blaziken,530,80,120,70,110,70,80,site\out\mons\blaziken.json
chesnaught,530,88,107,122,74,75,64,site\out\mons\chesnaught.json
cinderace,530,80,116,75,65,75,119,site\out\mons\cinderace.json
decidueye,530,78,107,75,100,100,70,site\out\mons\decidueye.json
decidueye_hisui,530,88,112,80,95,95,60,site\out\mons\decidueye_hisui.json
dondozo,530,150,100,115,65,65,35,site\out\mons\dondozo.json
empoleon,530,84,86,88,111,101,60,site\out\mons\empoleon.json
exeggutor,530,95,95,85,125,75,55,site\out\mons\exeggutor.json
exeggutor_alola,530,95,105,85,125,75,45,site\out\mons\exeggutor_alola.json
feraligatr,530,85,105,100,79,83,78,site\out\mons\feraligatr.json
golisopod,530,75,125,140,60,90,40,site\out\mons\golisopod.json
greninja,530,72,95,67,103,71,122,site\out\mons\greninja.json
greninja_bond,530,72,95,67,103,71,122,site\out\mons\greninja_bond.json
incineroar,530,95,115,90,80,90,60,site\out\mons\incineroar.json
inteleon,530,70,85,65,125,65,120,site\out\mons\inteleon.json
mamoswine,530,110,130,80,70,60,80,site\out\mons\mamoswine.json
meowscarada,530,76,110,70,81,70,123,site\out\mons\meowscarada.json
primarina,530,80,74,74,126,116,60,site\out\mons\primarina.json
quaquaval,530,85,120,80,85,75,85,site\out\mons\quaquaval.json
rillaboom,530,100,125,90,60,70,85,site\out\mons\rillaboom.json
sceptile,530,70,85,65,105,85,120,site\out\mons\sceptile.json
skeledirge,530,104,75,100,110,75,66,site\out\mons\skeledirge.json
walrein,530,110,80,90,95,90,65,site\out\mons\walrein.json
gogoat,531,123,100,62,97,81,68,site\out\mons\gogoat.json
charizard,534,78,84,78,109,85,100,site\out\mons\charizard.json
delphox,534,75,69,72,114,100,104,site\out\mons\delphox.json
infernape,534,76,104,71,104,71,108,site\out\mons\infernape.json
typenull,534,95,95,95,95,95,59,site\out\mons\typenull.json
typhlosion,534,78,84,78,109,85,100,site\out\mons\typhlosion.json
typhlosion_hisui,534,73,84,78,119,85,95,site\out\mons\typhlosion_hisui.json
annihilape,535,110,115,80,50,90,90,site\out\mons\annihilape.json
crobat,535,85,90,80,70,80,130,site\out\mons\crobat.json
duraludon,535,70,95,115,120,50,85,site\out\mons\duraludon.json
lapras,535,130,85,80,85,95,60,site\out\mons\lapras.json
magnezone,535,70,70,115,130,90,60,site\out\mons\magnezone.json
noivern,535,85,70,80,97,80,123,site\out\mons\noivern.json
porygonz,535,85,80,70,135,75,90,site\out\mons\porygonz.json
rhyperior,535,115,140,130,55,55,40,site\out\mons\rhyperior.json
swampert,535,100,110,90,85,90,60,site\out\mons\swampert.json
tangrowth,535,100,100,125,110,50,50,site\out\mons\tangrowth.json
vanilluxe,535,71,95,85,110,95,79,site\out\mons\vanilluxe.json
blissey,540,255,10,10,75,135,55,site\out\mons\blissey.json
darmanitan_galar,540,105,160,55,30,55,135,site\out\mons\darmanitan_galar.json
darmanitan_zen,540,105,30,105,140,105,55,site\out\mons\darmanitan_zen.json
electivire,540,75,123,67,95,85,95,site\out\mons\electivire.json
gyarados,540,95,125,79,60,100,81,site\out\mons\gyarados.json
haxorus,540,76,147,90,60,70,97,site\out\mons\haxorus.json
hydrapple,540,106,80,110,120,80,44,site\out\mons\hydrapple.json
kingdra,540,75,95,95,95,95,85,site\out\mons\kingdra.json
magmortar,540,75,95,67,125,95,83,site\out\mons\magmortar.json
milotic,540,95,60,79,100,125,81,site\out\mons\milotic.json
naganadel,540,73,73,73,127,73,121,site\out\mons\naganadel.json
snorlax,540,160,110,65,65,110,30,site\out\mons\snorlax.json
togekiss,545,85,50,95,120,115,80,site\out\mons\togekiss.json
gholdengo,550,87,60,95,133,91,84,site\out\mons\gholdengo.json
kingambit,550,100,135,120,60,85,50,site\out\mons\kingambit.json
ogerpon,550,80,120,84,60,96,110,site\out\mons\ogerpon.json
ogerpon_cornerstone,550,80,120,84,60,96,110,site\out\mons\ogerpon_cornerstone.json
ogerpon_cornerstone_tera,550,80,120,84,60,96,110,site\out\mons\ogerpon_cornerstone_tera.json
ogerpon_hearthflame,550,80,120,84,60,96,110,site\out\mons\ogerpon_hearthflame.json
ogerpon_hearthflame_tera,550,80,120,84,60,96,110,site\out\mons\ogerpon_hearthflame_tera.json
ogerpon_teal_tera,550,80,120,84,60,96,110,site\out\mons\ogerpon_teal_tera.json
ogerpon_wellspring,550,80,120,84,60,96,110,site\out\mons\ogerpon_wellspring.json
ogerpon_wellspring_tera,550,80,120,84,60,96,110,site\out\mons\ogerpon_wellspring_tera.json
ursaluna,550,130,140,105,45,80,50,site\out\mons\ursaluna.json
urshifu,550,100,130,100,63,60,97,site\out\mons\urshifu.json
urshifu_o,550,100,130,100,63,60,97,site\out\mons\urshifu_o.json
urshifu_o_rapidstrike,550,100,130,100,63,60,97,site\out\mons\urshifu_o_rapidstrike.json
urshifu_rapid_strike,550,100,130,100,63,60,97,site\out\mons\urshifu_rapid_strike.json
volcarona,550,85,60,65,135,105,100,site\out\mons\volcarona.json
floette_eternal,551,74,65,67,125,128,92,site\out\mons\floette_eternal.json
florges,552,78,65,68,112,154,75,site\out\mons\florges.json
florges_blue,552,78,65,68,112,154,75,site\out\mons\florges_blue.json
florges_orange,552,78,65,68,112,154,75,site\out\mons\florges_orange.json
florges_white,552,78,65,68,112,154,75,site\out\mons\florges_white.json
florges_yellow,552,78,65,68,112,154,75,site\out\mons\florges_yellow.json
arcanine,555,90,110,80,100,80,95,site\out\mons\arcanine.json
arcanine_hisui,555,95,115,80,95,80,90,site\out\mons\arcanine_hisui.json
fezandipiti,555,88,91,82,70,125,99,site\out\mons\fezandipiti.json
munkidori,555,88,75,66,130,90,106,site\out\mons\munkidori.json
okidogi,555,88,128,115,58,86,80,site\out\mons\okidogi.json
ursaluna_bloodmoon,555,113,70,120,135,65,52,site\out\mons\ursaluna_bloodmoon.json
ogerponfire,558,88,120,84,60,96,110,site\out\mons\ogerponfire.json
ogerponrock,558,88,120,84,60,96,110,site\out\mons\ogerponrock.json
ogerponteal,558,88,120,84,60,96,110,site\out\mons\ogerponteal.json
ogerponwater,558,88,120,84,60,96,110,site\out\mons\ogerponwater.json
archeops,567,75,140,65,112,65,110,site\out\mons\archeops.json
blacephalon,570,53,127,53,151,79,107,site\out\mons\blacephalon.json
brutebonnet,570,111,127,99,79,99,55,site\out\mons\brutebonnet.json
buzzwole,570,107,139,139,53,53,79,site\out\mons\buzzwole.json
celesteela,570,97,101,103,107,101,61,site\out\mons\celesteela.json
chienpao,570,80,120,80,90,65,135,site\out\mons\chienpao.json
chiyu,570,55,80,80,135,120,100,site\out\mons\chiyu.json
fluttermane,570,55,55,55,135,135,135,site\out\mons\fluttermane.json
greattusk,570,115,131,131,53,53,87,site\out\mons\greattusk.json
guzzlord,570,223,101,53,97,53,43,site\out\mons\guzzlord.json
ironbundle,570,56,80,114,124,60,136,site\out\mons\ironbundle.json
ironhands,570,154,140,108,50,68,50,site\out\mons\ironhands.json
ironjugulis,570,94,80,86,122,80,108,site\out\mons\ironjugulis.json
ironmoth,570,80,70,60,140,110,110,site\out\mons\ironmoth.json
ironthorns,570,100,134,110,70,84,72,site\out\mons\ironthorns.json
irontreads,570,90,112,120,72,70,106,site\out\mons\irontreads.json
kartana,570,59,181,131,59,31,109,site\out\mons\kartana.json
nihilego,570,109,53,47,127,131,103,site\out\mons\nihilego.json
pheromosa,570,71,137,37,137,37,151,site\out\mons\pheromosa.json
sandyshocks,570,85,81,97,121,85,101,site\out\mons\sandyshocks.json
screamtail,570,115,65,99,65,115,111,site\out\mons\screamtail.json
silvally,570,95,95,95,95,95,95,site\out\mons\silvally.json
silvally_bug,570,95,95,95,95,95,95,site\out\mons\silvally_bug.json
silvally_dark,570,95,95,95,95,95,95,site\out\mons\silvally_dark.json
silvally_dragon,570,95,95,95,95,95,95,site\out\mons\silvally_dragon.json
silvally_electric,570,95,95,95,95,95,95,site\out\mons\silvally_electric.json
silvally_fairy,570,95,95,95,95,95,95,site\out\mons\silvally_fairy.json
silvally_fighting,570,95,95,95,95,95,95,site\out\mons\silvally_fighting.json
silvally_fire,570,95,95,95,95,95,95,site\out\mons\silvally_fire.json
silvally_flying,570,95,95,95,95,95,95,site\out\mons\silvally_flying.json
silvally_ghost,570,95,95,95,95,95,95,site\out\mons\silvally_ghost.json
silvally_grass,570,95,95,95,95,95,95,site\out\mons\silvally_grass.json
silvally_ground,570,95,95,95,95,95,95,site\out\mons\silvally_ground.json
silvally_ice,570,95,95,95,95,95,95,site\out\mons\silvally_ice.json
silvally_poison,570,95,95,95,95,95,95,site\out\mons\silvally_poison.json
silvally_psychic,570,95,95,95,95,95,95,site\out\mons\silvally_psychic.json
silvally_rock,570,95,95,95,95,95,95,site\out\mons\silvally_rock.json
silvally_steel,570,95,95,95,95,95,95,site\out\mons\silvally_steel.json
silvally_water,570,95,95,95,95,95,95,site\out\mons\silvally_water.json
slitherwing,570,85,135,79,85,105,81,site\out\mons\slitherwing.json
stakataka,570,61,131,211,53,101,13,site\out\mons\stakataka.json
tapubulu,570,70,130,115,85,95,75,site\out\mons\tapubulu.json
tapufini,570,70,75,115,95,130,85,site\out\mons\tapufini.json
tapukoko,570,70,115,85,95,75,130,site\out\mons\tapukoko.json
tapulele,570,70,85,75,130,115,95,site\out\mons\tapulele.json
tinglu,570,155,110,125,55,80,45,site\out\mons\tinglu.json
wochien,570,85,85,100,95,135,70,site\out\mons\wochien.json
xurkitree,570,83,89,71,173,71,83,site\out\mons\xurkitree.json
articuno,580,90,85,100,95,125,85,site\out\mons\articuno.json
articuno_galar,580,90,85,85,125,100,95,site\out\mons\articuno_galar.json
azelf,580,75,125,70,125,70,115,site\out\mons\azelf.json
cobalion,580,91,90,129,90,72,108,site\out\mons\cobalion.json
cresselia,580,120,70,110,75,120,85,site\out\mons\cresselia.json
enamorus,580,74,115,70,135,80,106,site\out\mons\enamorus.json
enamorus_therian,580,74,115,110,135,100,46,site\out\mons\enamorus_therian.json
entei,580,115,115,85,90,75,100,site\out\mons\entei.json
glastrier,580,100,145,130,65,110,30,site\out\mons\glastrier.json
keldeo,580,91,72,90,129,90,108,site\out\mons\keldeo.json
keldeo_resolute,580,91,72,90,129,90,108,site\out\mons\keldeo_resolute.json
mesprit,580,80,105,105,105,105,80,site\out\mons\mesprit.json
moltres,580,90,100,90,125,85,90,site\out\mons\moltres.json
moltres_galar,580,90,85,90,100,125,90,site\out\mons\moltres_galar.json
raikou,580,90,85,75,115,100,115,site\out\mons\raikou.json
regice,580,80,50,100,100,200,50,site\out\mons\regice.json
regidrago,580,200,100,50,100,50,80,site\out\mons\regidrago.json
regieleki,580,80,100,50,100,50,200,site\out\mons\regieleki.json
regirock,580,80,100,200,50,100,50,site\out\mons\regirock.json
registeel,580,80,75,150,75,150,50,site\out\mons\registeel.json
spectrier,580,100,65,60,145,80,130,site\out\mons\spectrier.json
suicune,580,100,75,115,90,115,85,site\out\mons\suicune.json
terrakion,580,91,129,90,72,90,108,site\out\mons\terrakion.json
thundurus,580,79,115,70,125,80,111,site\out\mons\thundurus.json
thundurus_therian,580,79,105,70,145,80,101,site\out\mons\thundurus_therian.json
tornadus,580,79,115,70,125,80,111,site\out\mons\tornadus.json
tornadus_therian,580,79,100,80,110,90,121,site\out\mons\tornadus_therian.json
uxie,580,75,75,130,75,130,95,site\out\mons\uxie.json
virizion,580,91,90,72,90,129,108,site\out\mons\virizion.json
zapdos,580,90,90,85,125,90,100,site\out\mons\zapdos.json
zapdos_galar,580,90,125,90,85,90,100,site\out\mons\zapdos_galar.json
gougingfire,590,105,115,121,65,93,91,site\out\mons\gougingfire.json
ironboulder,590,90,120,80,68,108,124,site\out\mons\ironboulder.json
ironcrown,590,90,72,100,122,108,98,site\out\mons\ironcrown.json
ironleaves,590,90,130,88,70,108,104,site\out\mons\ironleaves.json
ironvaliant,590,74,130,90,120,60,116,site\out\mons\ironvaliant.json
ragingbolt,590,125,73,91,137,89,75,site\out\mons\ragingbolt.json
roaringmoon,590,105,139,71,55,101,119,site\out\mons\roaringmoon.json
walkingwake,590,99,83,91,125,83,109,site\out\mons\walkingwake.json
archaludon,600,90,105,130,125,65,85,site\out\mons\archaludon.json
baxcalibur,600,115,145,92,75,86,87,site\out\mons\baxcalibur.json
celebi,600,100,100,100,100,100,100,site\out\mons\celebi.json
darkrai,600,70,90,90,135,90,125,site\out\mons\darkrai.json
deoxys,600,50,150,50,150,50,150,site\out\mons\deoxys.json
deoxys_attack,600,50,180,20,180,20,150,site\out\mons\deoxys_attack.json
deoxys_defense,600,50,70,160,70,160,90,site\out\mons\deoxys_defense.json
deoxys_speed,600,50,95,90,95,90,180,site\out\mons\deoxys_speed.json
diancie,600,50,100,150,100,150,50,site\out\mons\diancie.json
dragapult,600,88,120,75,100,75,142,site\out\mons\dragapult.json
dragonite,600,91,134,95,100,100,80,site\out\mons\dragonite.json
garchomp,600,108,130,95,80,85,102,site\out\mons\garchomp.json
genesect,600,71,120,95,120,95,99,site\out\mons\genesect.json
genesect_electric,600,71,120,95,120,95,99,site\out\mons\genesect_electric.json
genesect_fire,600,71,120,95,120,95,99,site\out\mons\genesect_fire.json
genesect_ice,600,71,120,95,120,95,99,site\out\mons\genesect_ice.json
genesect_water,600,71,120,95,120,95,99,site\out\mons\genesect_water.json
goodra,600,90,100,70,110,150,80,site\out\mons\goodra.json
goodra_hisui,600,80,100,100,110,150,60,site\out\mons\goodra_hisui.json
heatran,600,91,90,106,130,106,77,site\out\mons\heatran.json
hoopa,600,80,110,60,150,130,70,site\out\mons\hoopa.json
hydreigon,600,92,105,90,125,90,98,site\out\mons\hydreigon.json
jirachi,600,100,100,100,100,100,100,site\out\mons\jirachi.json
kommoo,600,75,110,125,100,105,85,site\out\mons\kommoo.json
landorus,600,89,125,90,115,80,101,site\out\mons\landorus.json
landorus_therian,600,89,145,90,105,80,91,site\out\mons\landorus_therian.json
latias,600,80,80,90,110,130,110,site\out\mons\latias.json
latios,600,80,90,80,130,110,110,site\out\mons\latios.json
magearna,600,80,95,115,130,115,65,site\out\mons\magearna.json
magearna_original,600,80,95,115,130,115,65,site\out\mons\magearna_original.json
manaphy,600,100,100,100,100,100,100,site\out\mons\manaphy.json
marshadow,600,90,125,80,90,90,125,site\out\mons\marshadow.json
melmetal,600,135,143,143,80,65,34,site\out\mons\melmetal.json
meloetta,600,100,77,77,128,128,90,site\out\mons\meloetta.json
meloetta_pirouette,600,100,128,90,77,77,128,site\out\mons\meloetta_pirouette.json
metagross,600,80,135,130,95,90,70,site\out\mons\metagross.json
mew,600,100,100,100,100,100,100,site\out\mons\mew.json
necrozma,600,97,107,101,127,89,79,site\out\mons\necrozma.json
pecharunt,600,88,88,160,88,88,88,site\out\mons\pecharunt.json
salamence,600,95,135,80,110,80,100,site\out\mons\salamence.json
shaymin,600,100,100,100,100,100,100,site\out\mons\shaymin.json
shaymin_sky,600,100,103,75,120,75,127,site\out\mons\shaymin_sky.json
shayminsky,600,100,103,75,120,75,127,site\out\mons\shayminsky.json
terapagos_terastal,600,95,95,110,105,110,85,site\out\mons\terapagos_terastal.json
tyranitar,600,100,134,110,95,100,61,site\out\mons\tyranitar.json
victini,600,100,100,100,100,100,100,site\out\mons\victini.json
volcanion,600,80,110,120,130,90,70,site\out\mons\volcanion.json
zarude,600,105,120,105,70,95,105,site\out\mons\zarude.json
zarude_dada,600,105,120,105,70,95,105,site\out\mons\zarude_dada.json
zeraora,600,88,112,75,102,80,143,site\out\mons\zeraora.json
zygarde,600,108,100,121,81,95,95,site\out\mons\zygarde.json
zygarde_50_c,600,108,100,121,81,95,95,site\out\mons\zygarde_50_c.json
wishiwashi_school,620,45,140,130,140,135,30,site\out\mons\wishiwashi_school.json
greninja_ash,640,72,145,67,153,71,132,site\out\mons\greninja_ash.json
kyurem,660,125,130,90,130,90,95,site\out\mons\kyurem.json
zacian,660,92,120,115,80,115,138,site\out\mons\zacian.json
zamazenta,660,92,120,115,80,115,138,site\out\mons\zamazenta.json
groudon,670,100,150,140,100,90,90,site\out\mons\groudon.json
koraidon,670,100,135,115,85,100,135,site\out\mons\koraidon.json
kyogre,670,100,100,90,150,140,90,site\out\mons\kyogre.json
miraidon,670,100,85,100,135,115,135,site\out\mons\miraidon.json
regigigas,670,110,160,110,80,110,100,site\out\mons\regigigas.json
slaking,670,150,160,100,95,65,100,site\out\mons\slaking.json
calyrex_ice,680,100,165,150,85,130,50,site\out\mons\calyrex_ice.json
calyrex_shadow,680,100,85,80,165,100,150,site\out\mons\calyrex_shadow.json
dialga,680,100,120,120,150,100,90,site\out\mons\dialga.json
dialga_origin,680,100,100,120,150,120,90,site\out\mons\dialga_origin.json
giratina,680,150,100,120,100,120,90,site\out\mons\giratina.json
giratina_origin,680,150,120,100,120,100,90,site\out\mons\giratina_origin.json
hooh,680,106,130,90,110,154,90,site\out\mons\hooh.json
hoopa_unbound,680,80,160,60,170,130,80,site\out\mons\hoopa_unbound.json
lugia,680,106,90,130,90,154,110,site\out\mons\lugia.json
lugia_shadow,680,106,90,130,90,154,110,site\out\mons\lugia_shadow.json
lunala,680,137,113,89,137,107,97,site\out\mons\lunala.json
mewtwo,680,106,110,90,154,90,130,site\out\mons\mewtwo.json
necrozma_dawn_wings,680,97,113,109,157,127,77,site\out\mons\necrozma_dawn_wings.json
necrozma_dusk_mane,680,97,157,127,113,109,77,site\out\mons\necrozma_dusk_mane.json
palkia,680,90,120,100,150,120,100,site\out\mons\palkia.json
palkia_origin,680,90,100,100,150,120,120,site\out\mons\palkia_origin.json
rayquaza,680,105,150,90,150,90,95,site\out\mons\rayquaza.json
reshiram,680,100,120,100,150,120,90,site\out\mons\reshiram.json
solgaleo,680,137,137,107,113,89,97,site\out\mons\solgaleo.json
xerneas,680,126,131,95,131,98,99,site\out\mons\xerneas.json
xerneas_active,680,126,131,95,131,98,99,site\out\mons\xerneas_active.json
yveltal,680,126,131,95,131,98,99,site\out\mons\yveltal.json
zekrom,680,100,150,120,120,100,90,site\out\mons\zekrom.json
eternatus,690,140,85,95,145,95,130,site\out\mons\eternatus.json
kyurem_black,700,125,170,100,120,90,95,site\out\mons\kyurem_black.json
kyurem_white,700,125,120,90,170,100,95,site\out\mons\kyurem_white.json
terapagos_stellar,700,160,105,110,130,110,85,site\out\mons\terapagos_stellar.json
zacian_crowned,700,92,150,115,80,115,148,site\out\mons\zacian_crowned.json
zamazenta_crowned,700,92,120,140,80,140,128,site\out\mons\zamazenta_crowned.json
zygarde_complete,708,216,100,121,91,95,85,site\out\mons\zygarde_complete.json
arceus,720,120,120,120,120,120,120,site\out\mons\arceus.json
arceus_bug,720,120,120,120,120,120,120,site\out\mons\arceus_bug.json
arceus_dark,720,120,120,120,120,120,120,site\out\mons\arceus_dark.json
arceus_dragon,720,120,120,120,120,120,120,site\out\mons\arceus_dragon.json
arceus_electric,720,120,120,120,120,120,120,site\out\mons\arceus_electric.json
arceus_fairy,720,120,120,120,120,120,120,site\out\mons\arceus_fairy.json
arceus_fighting,720,120,120,120,120,120,120,site\out\mons\arceus_fighting.json
arceus_fire,720,120,120,120,120,120,120,site\out\mons\arceus_fire.json
arceus_flying,720,120,120,120,120,120,120,site\out\mons\arceus_flying.json
arceus_ghost,720,120,120,120,120,120,120,site\out\mons\arceus_ghost.json
arceus_grass,720,120,120,120,120,120,120,site\out\mons\arceus_grass.json
arceus_ground,720,120,120,120,120,120,120,site\out\mons\arceus_ground.json
arceus_ice,720,120,120,120,120,120,120,site\out\mons\arceus_ice.json
arceus_poison,720,120,120,120,120,120,120,site\out\mons\arceus_poison.json
arceus_psychic,720,120,120,120,120,120,120,site\out\mons\arceus_psychic.json
arceus_rock,720,120,120,120,120,120,120,site\out\mons\arceus_rock.json
arceus_steel,720,120,120,120,120,120,120,site\out\mons\arceus_steel.json
arceus_water,720,120,120,120,120,120,120,site\out\mons\arceus_water.json
necrozma_ultra,754,97,167,97,167,97,129,site\out\mons\necrozma_ultra.json
ultranecrozma,754,97,167,97,167,97,129,site\out\mons\ultranecrozma.json
groudon_primal,770,100,180,160,150,90,90,site\out\mons\groudon_primal.json
kyogre_primal,770,100,150,90,180,160,90,site\out\mons\kyogre_primal.json
eternatus_eternamax,1125,255,115,250,125,250,130,site\out\mons\eternatus_eternamax.json
